cellIndex,x,y,z,vol,P,S,material
1,0.057038782,0.0,0.5,0.004473552,14.5,1.0,2
2,0.071054976,0.0,0.5,0.006942262,14.5,1.0,2
3,0.088515382,0.0,0.5,0.010773318,14.5,1.0,2
4,0.11026635,0.0,0.5,0.016718526,14.5,1.0,2
5,0.137362204,0.0,0.5,0.02594457,14.5,1.0,2
6,0.169486032,0.0,0.5,0.036406086,14.5,1.0,4
7,0.207507629,0.0,0.5,0.054572558,14.5,1.0,4
8,0.25405879,0.0,0.5,0.081804015,14.5,1.0,4
9,0.31105299,0.0,0.5,0.122623845,14.5,1.0,4
10,0.380832967,0.0,0.5,0.183812585,14.5,1.0,4
11,0.466267014,0.0,0.5,0.275534226,14.5,1.0,4
12,0.570866881,0.0,0.5,0.413024548,14.5,1.0,4
13,0.698932127,0.0,0.5,0.619121914,14.5,1.0,4
14,0.855726851,0.0,0.5,0.928060926,14.5,1.0,4
15,1.047696071,0.0,0.5,1.391159096,14.5,1.0,4
16,1.282730647,0.0,0.5,2.08534114,14.5,1.0,4
17,1.570491632,0.0,0.5,3.125916859,14.5,1.0,4
18,1.922807389,0.0,0.5,4.685735115,14.5,1.0,4
19,2.354159794,0.0,0.5,7.023895569,14.5,1.0,4
20,2.882279507,0.0,0.5,10.52878742,14.5,1.0,4
21,3.528874795,0.0,0.5,15.78260433,14.5,1.0,4
22,4.320523837,0.0,0.5,23.65805192,14.5,1.0,4
23,5.289767224,0.0,0.5,35.46331193,14.5,1.0,4
24,6.476445528,0.0,0.5,53.15934285,14.5,1.0,4
25,7.929336944,0.0,0.5,79.6856125,14.5,1.0,4
26,9.70816231,0.0,0.5,119.4483697,14.5,1.0,4
27,11.88603992,0.0,0.5,179.0525615,14.5,1.0,4
28,14.55249103,0.0,0.5,268.3989731,14.5,1.0,4
29,17.81711963,0.0,0.5,402.3288366,14.5,1.0,4
30,21.81411768,0.0,0.5,603.0890912,14.5,1.0,4
31,26.70778107,0.0,0.5,904.0277973,14.5,1.0,4
32,32.69926292,0.0,0.5,1355.133545,14.5,1.0,4
33,40.03484202,0.0,0.5,2031.339004,14.5,1.0,4
34,49.016046,0.0,0.5,3044.967903,14.5,1.0,4
35,60.01204561,0.0,0.5,4564.393,14.5,1.0,4
36,73.47482941,0.0,0.5,6842.004292,14.5,1.0,4
37,89.95778268,0.0,0.5,10256.13323,14.5,1.0,4
38,110.1384342,0.0,0.5,15373.89694,14.5,1.0,4
39,134.846306,0.0,0.5,23045.4014,14.5,1.0,4
40,165.0970106,0.0,0.5,34544.95159,14.5,1.0,4
41,202.1339977,0.0,0.5,51782.7249,14.5,1.0,4
42,247.4796659,0.0,0.5,77622.06846,14.5,1.0,4
43,302.9979407,0.0,0.5,116355.1266,14.5,1.0,4
44,370.9708906,0.0,0.5,174415.8042,14.5,1.0,4
45,454.1925313,0.0,0.5,261448.495,14.5,1.0,4
46,0.057038782,0.0,1.5,0.004473552,13.5,1.0,2
47,0.071054976,0.0,1.5,0.006942262,13.5,1.0,2
48,0.088515382,0.0,1.5,0.010773318,13.5,1.0,2
49,0.11026635,0.0,1.5,0.016718526,13.5,1.0,2
50,0.137362204,0.0,1.5,0.02594457,13.5,1.0,2
51,0.169486032,0.0,1.5,0.036406086,13.5,1.0,4
52,0.207507629,0.0,1.5,0.054572558,13.5,1.0,4
53,0.25405879,0.0,1.5,0.081804015,13.5,1.0,4
54,0.31105299,0.0,1.5,0.122623845,13.5,1.0,4
55,0.380832967,0.0,1.5,0.183812585,13.5,1.0,4
56,0.466267014,0.0,1.5,0.275534226,13.5,1.0,4
57,0.570866881,0.0,1.5,0.413024548,13.5,1.0,4
58,0.698932127,0.0,1.5,0.619121914,13.5,1.0,4
59,0.855726851,0.0,1.5,0.928060926,13.5,1.0,4
60,1.047696071,0.0,1.5,1.391159096,13.5,1.0,4
61,1.282730647,0.0,1.5,2.08534114,13.5,1.0,4
62,1.570491632,0.0,1.5,3.125916859,13.5,1.0,4
63,1.922807389,0.0,1.5,4.685735115,13.5,1.0,4
64,2.354159794,0.0,1.5,7.023895569,13.5,1.0,4
65,2.882279507,0.0,1.5,10.52878742,13.5,1.0,4
66,3.528874795,0.0,1.5,15.78260433,13.5,1.0,4
67,4.320523837,0.0,1.5,23.65805192,13.5,1.0,4
68,5.289767224,0.0,1.5,35.46331193,13.5,1.0,4
69,6.476445528,0.0,1.5,53.15934285,13.5,1.0,4
70,7.929336944,0.0,1.5,79.6856125,13.5,1.0,4
71,9.70816231,0.0,1.5,119.4483697,13.5,1.0,4
72,11.88603992,0.0,1.5,179.0525615,13.5,1.0,4
73,14.55249103,0.0,1.5,268.3989731,13.5,1.0,4
74,17.81711963,0.0,1.5,402.3288366,13.5,1.0,4
75,21.81411768,0.0,1.5,603.0890912,13.5,1.0,4
76,26.70778107,0.0,1.5,904.0277973,13.5,1.0,4
77,32.69926292,0.0,1.5,1355.133545,13.5,1.0,4
78,40.03484202,0.0,1.5,2031.339004,13.5,1.0,4
79,49.016046,0.0,1.5,3044.967903,13.5,1.0,4
80,60.01204561,0.0,1.5,4564.393,13.5,1.0,4
81,73.47482941,0.0,1.5,6842.004292,13.5,1.0,4
82,89.95778268,0.0,1.5,10256.13323,13.5,1.0,4
83,110.1384342,0.0,1.5,15373.89694,13.5,1.0,4
84,134.846306,0.0,1.5,23045.4014,13.5,1.0,4
85,165.0970106,0.0,1.5,34544.95159,13.5,1.0,4
86,202.1339977,0.0,1.5,51782.7249,13.5,1.0,4
87,247.4796659,0.0,1.5,77622.06846,13.5,1.0,4
88,302.9979407,0.0,1.5,116355.1266,13.5,1.0,4
89,370.9708906,0.0,1.5,174415.8042,13.5,1.0,4
90,454.1925313,0.0,1.5,261448.495,13.5,1.0,4
91,0.057038782,0.0,2.5,0.004473552,12.5,1.0,2
92,0.071054976,0.0,2.5,0.006942262,12.5,1.0,2
93,0.088515382,0.0,2.5,0.010773318,12.5,1.0,2
94,0.11026635,0.0,2.5,0.016718526,12.5,1.0,2
95,0.137362204,0.0,2.5,0.02594457,12.5,1.0,2
96,0.169486032,0.0,2.5,0.036406086,12.5,1.0,4
97,0.207507629,0.0,2.5,0.054572558,12.5,1.0,4
98,0.25405879,0.0,2.5,0.081804015,12.5,1.0,4
99,0.31105299,0.0,2.5,0.122623845,12.5,1.0,4
100,0.380832967,0.0,2.5,0.183812585,12.5,1.0,4
101,0.466267014,0.0,2.5,0.275534226,12.5,1.0,4
102,0.570866881,0.0,2.5,0.413024548,12.5,1.0,4
103,0.698932127,0.0,2.5,0.619121914,12.5,1.0,4
104,0.855726851,0.0,2.5,0.928060926,12.5,1.0,4
105,1.047696071,0.0,2.5,1.391159096,12.5,1.0,4
106,1.282730647,0.0,2.5,2.08534114,12.5,1.0,4
107,1.570491632,0.0,2.5,3.125916859,12.5,1.0,4
108,1.922807389,0.0,2.5,4.685735115,12.5,1.0,4
109,2.354159794,0.0,2.5,7.023895569,12.5,1.0,4
110,2.882279507,0.0,2.5,10.52878742,12.5,1.0,4
111,3.528874795,0.0,2.5,15.78260433,12.5,1.0,4
112,4.320523837,0.0,2.5,23.65805192,12.5,1.0,4
113,5.289767224,0.0,2.5,35.46331193,12.5,1.0,4
114,6.476445528,0.0,2.5,53.15934285,12.5,1.0,4
115,7.929336944,0.0,2.5,79.6856125,12.5,1.0,4
116,9.70816231,0.0,2.5,119.4483697,12.5,1.0,4
117,11.88603992,0.0,2.5,179.0525615,12.5,1.0,4
118,14.55249103,0.0,2.5,268.3989731,12.5,1.0,4
119,17.81711963,0.0,2.5,402.3288366,12.5,1.0,4
120,21.81411768,0.0,2.5,603.0890912,12.5,1.0,4
121,26.70778107,0.0,2.5,904.0277973,12.5,1.0,4
122,32.69926292,0.0,2.5,1355.133545,12.5,1.0,4
123,40.03484202,0.0,2.5,2031.339004,12.5,1.0,4
124,49.016046,0.0,2.5,3044.967903,12.5,1.0,4
125,60.01204561,0.0,2.5,4564.393,12.5,1.0,4
126,73.47482941,0.0,2.5,6842.004292,12.5,1.0,4
127,89.95778268,0.0,2.5,10256.13323,12.5,1.0,4
128,110.1384342,0.0,2.5,15373.89694,12.5,1.0,4
129,134.846306,0.0,2.5,23045.4014,12.5,1.0,4
130,165.0970106,0.0,2.5,34544.95159,12.5,1.0,4
131,202.1339977,0.0,2.5,51782.7249,12.5,1.0,4
132,247.4796659,0.0,2.5,77622.06846,12.5,1.0,4
133,302.9979407,0.0,2.5,116355.1266,12.5,1.0,4
134,370.9708906,0.0,2.5,174415.8042,12.5,1.0,4
135,454.1925313,0.0,2.5,261448.495,12.5,1.0,4
136,0.057038782,0.0,3.5,0.004473552,11.5,1.0,2
137,0.071054976,0.0,3.5,0.006942262,11.5,1.0,2
138,0.088515382,0.0,3.5,0.010773318,11.5,1.0,2
139,0.11026635,0.0,3.5,0.016718526,11.5,1.0,2
140,0.137362204,0.0,3.5,0.02594457,11.5,1.0,2
141,0.169486032,0.0,3.5,0.036406086,11.5,1.0,4
142,0.207507629,0.0,3.5,0.054572558,11.5,1.0,4
143,0.25405879,0.0,3.5,0.081804015,11.5,1.0,4
144,0.31105299,0.0,3.5,0.122623845,11.5,1.0,4
145,0.380832967,0.0,3.5,0.183812585,11.5,1.0,4
146,0.466267014,0.0,3.5,0.275534226,11.5,1.0,4
147,0.570866881,0.0,3.5,0.413024548,11.5,1.0,4
148,0.698932127,0.0,3.5,0.619121914,11.5,1.0,4
149,0.855726851,0.0,3.5,0.928060926,11.5,1.0,4
150,1.047696071,0.0,3.5,1.391159096,11.5,1.0,4
151,1.282730647,0.0,3.5,2.08534114,11.5,1.0,4
152,1.570491632,0.0,3.5,3.125916859,11.5,1.0,4
153,1.922807389,0.0,3.5,4.685735115,11.5,1.0,4
154,2.354159794,0.0,3.5,7.023895569,11.5,1.0,4
155,2.882279507,0.0,3.5,10.52878742,11.5,1.0,4
156,3.528874795,0.0,3.5,15.78260433,11.5,1.0,4
157,4.320523837,0.0,3.5,23.65805192,11.5,1.0,4
158,5.289767224,0.0,3.5,35.46331193,11.5,1.0,4
159,6.476445528,0.0,3.5,53.15934285,11.5,1.0,4
160,7.929336944,0.0,3.5,79.6856125,11.5,1.0,4
161,9.70816231,0.0,3.5,119.4483697,11.5,1.0,4
162,11.88603992,0.0,3.5,179.0525615,11.5,1.0,4
163,14.55249103,0.0,3.5,268.3989731,11.5,1.0,4
164,17.81711963,0.0,3.5,402.3288366,11.5,1.0,4
165,21.81411768,0.0,3.5,603.0890912,11.5,1.0,4
166,26.70778107,0.0,3.5,904.0277973,11.5,1.0,4
167,32.69926292,0.0,3.5,1355.133545,11.5,1.0,4
168,40.03484202,0.0,3.5,2031.339004,11.5,1.0,4
169,49.016046,0.0,3.5,3044.967903,11.5,1.0,4
170,60.01204561,0.0,3.5,4564.393,11.5,1.0,4
171,73.47482941,0.0,3.5,6842.004292,11.5,1.0,4
172,89.95778268,0.0,3.5,10256.13323,11.5,1.0,4
173,110.1384342,0.0,3.5,15373.89694,11.5,1.0,4
174,134.846306,0.0,3.5,23045.4014,11.5,1.0,4
175,165.0970106,0.0,3.5,34544.95159,11.5,1.0,4
176,202.1339977,0.0,3.5,51782.7249,11.5,1.0,4
177,247.4796659,0.0,3.5,77622.06846,11.5,1.0,4
178,302.9979407,0.0,3.5,116355.1266,11.5,1.0,4
179,370.9708906,0.0,3.5,174415.8042,11.5,1.0,4
180,454.1925313,0.0,3.5,261448.495,11.5,1.0,4
181,0.057038782,0.0,4.5,0.004473552,10.5,1.0,2
182,0.071054976,0.0,4.5,0.006942262,10.5,1.0,2
183,0.088515382,0.0,4.5,0.010773318,10.5,1.0,2
184,0.11026635,0.0,4.5,0.016718526,10.5,1.0,2
185,0.137362204,0.0,4.5,0.02594457,10.5,1.0,2
186,0.169486032,0.0,4.5,0.036406086,10.5,1.0,4
187,0.207507629,0.0,4.5,0.054572558,10.5,1.0,4
188,0.25405879,0.0,4.5,0.081804015,10.5,1.0,4
189,0.31105299,0.0,4.5,0.122623845,10.5,1.0,4
190,0.380832967,0.0,4.5,0.183812585,10.5,1.0,4
191,0.466267014,0.0,4.5,0.275534226,10.5,1.0,4
192,0.570866881,0.0,4.5,0.413024548,10.5,1.0,4
193,0.698932127,0.0,4.5,0.619121914,10.5,1.0,4
194,0.855726851,0.0,4.5,0.928060926,10.5,1.0,4
195,1.047696071,0.0,4.5,1.391159096,10.5,1.0,4
196,1.282730647,0.0,4.5,2.08534114,10.5,1.0,4
197,1.570491632,0.0,4.5,3.125916859,10.5,1.0,4
198,1.922807389,0.0,4.5,4.685735115,10.5,1.0,4
199,2.354159794,0.0,4.5,7.023895569,10.5,1.0,4
200,2.882279507,0.0,4.5,10.52878742,10.5,1.0,4
201,3.528874795,0.0,4.5,15.78260433,10.5,1.0,4
202,4.320523837,0.0,4.5,23.65805192,10.5,1.0,4
203,5.289767224,0.0,4.5,35.46331193,10.5,1.0,4
204,6.476445528,0.0,4.5,53.15934285,10.5,1.0,4
205,7.929336944,0.0,4.5,79.6856125,10.5,1.0,4
206,9.70816231,0.0,4.5,119.4483697,10.5,1.0,4
207,11.88603992,0.0,4.5,179.0525615,10.5,1.0,4
208,14.55249103,0.0,4.5,268.3989731,10.5,1.0,4
209,17.81711963,0.0,4.5,402.3288366,10.5,1.0,4
210,21.81411768,0.0,4.5,603.0890912,10.5,1.0,4
211,26.70778107,0.0,4.5,904.0277973,10.5,1.0,4
212,32.69926292,0.0,4.5,1355.133545,10.5,1.0,4
213,40.03484202,0.0,4.5,2031.339004,10.5,1.0,4
214,49.016046,0.0,4.5,3044.967903,10.5,1.0,4
215,60.01204561,0.0,4.5,4564.393,10.5,1.0,4
216,73.47482941,0.0,4.5,6842.004292,10.5,1.0,4
217,89.95778268,0.0,4.5,10256.13323,10.5,1.0,4
218,110.1384342,0.0,4.5,15373.89694,10.5,1.0,4
219,134.846306,0.0,4.5,23045.4014,10.5,1.0,4
220,165.0970106,0.0,4.5,34544.95159,10.5,1.0,4
221,202.1339977,0.0,4.5,51782.7249,10.5,1.0,4
222,247.4796659,0.0,4.5,77622.06846,10.5,1.0,4
223,302.9979407,0.0,4.5,116355.1266,10.5,1.0,4
224,370.9708906,0.0,4.5,174415.8042,10.5,1.0,4
225,454.1925313,0.0,4.5,261448.495,10.5,1.0,4
226,0.057038782,0.0,5.5,0.004473552,9.5,1.0,2
227,0.071054976,0.0,5.5,0.006942262,9.5,1.0,2
228,0.088515382,0.0,5.5,0.010773318,9.5,1.0,2
229,0.11026635,0.0,5.5,0.016718526,9.5,1.0,2
230,0.137362204,0.0,5.5,0.02594457,9.5,1.0,2
231,0.169486032,0.0,5.5,0.036406086,9.5,1.0,5
232,0.207507629,0.0,5.5,0.054572558,9.5,1.0,5
233,0.25405879,0.0,5.5,0.081804015,9.5,1.0,5
234,0.31105299,0.0,5.5,0.122623845,9.5,1.0,5
235,0.380832967,0.0,5.5,0.183812585,9.5,1.0,5
236,0.466267014,0.0,5.5,0.275534226,9.5,1.0,5
237,0.570866881,0.0,5.5,0.413024548,9.5,1.0,5
238,0.698932127,0.0,5.5,0.619121914,9.5,1.0,5
239,0.855726851,0.0,5.5,0.928060926,9.5,1.0,5
240,1.047696071,0.0,5.5,1.391159096,9.5,1.0,5
241,1.282730647,0.0,5.5,2.08534114,9.5,1.0,5
242,1.570491632,0.0,5.5,3.125916859,9.5,1.0,5
243,1.922807389,0.0,5.5,4.685735115,9.5,1.0,5
244,2.354159794,0.0,5.5,7.023895569,9.5,1.0,5
245,2.882279507,0.0,5.5,10.52878742,9.5,1.0,5
246,3.528874795,0.0,5.5,15.78260433,9.5,1.0,5
247,4.320523837,0.0,5.5,23.65805192,9.5,1.0,5
248,5.289767224,0.0,5.5,35.46331193,9.5,1.0,5
249,6.476445528,0.0,5.5,53.15934285,9.5,1.0,5
250,7.929336944,0.0,5.5,79.6856125,9.5,1.0,5
251,9.70816231,0.0,5.5,119.4483697,9.5,1.0,5
252,11.88603992,0.0,5.5,179.0525615,9.5,1.0,5
253,14.55249103,0.0,5.5,268.3989731,9.5,1.0,5
254,17.81711963,0.0,5.5,402.3288366,9.5,1.0,5
255,21.81411768,0.0,5.5,603.0890912,9.5,1.0,5
256,26.70778107,0.0,5.5,904.0277973,9.5,1.0,5
257,32.69926292,0.0,5.5,1355.133545,9.5,1.0,5
258,40.03484202,0.0,5.5,2031.339004,9.5,1.0,5
259,49.016046,0.0,5.5,3044.967903,9.5,1.0,5
260,60.01204561,0.0,5.5,4564.393,9.5,1.0,5
261,73.47482941,0.0,5.5,6842.004292,9.5,1.0,5
262,89.95778268,0.0,5.5,10256.13323,9.5,1.0,5
263,110.1384342,0.0,5.5,15373.89694,9.5,1.0,5
264,134.846306,0.0,5.5,23045.4014,9.5,1.0,5
265,165.0970106,0.0,5.5,34544.95159,9.5,1.0,5
266,202.1339977,0.0,5.5,51782.7249,9.5,1.0,5
267,247.4796659,0.0,5.5,77622.06846,9.5,1.0,5
268,302.9979407,0.0,5.5,116355.1266,9.5,1.0,5
269,370.9708906,0.0,5.5,174415.8042,9.5,1.0,5
270,454.1925313,0.0,5.5,261448.495,9.5,1.0,5
271,0.057038782,0.0,6.5,0.004473552,8.5,1.0,2
272,0.071054976,0.0,6.5,0.006942262,8.5,1.0,2
273,0.088515382,0.0,6.5,0.010773318,8.5,1.0,2
274,0.11026635,0.0,6.5,0.016718526,8.5,1.0,2
275,0.137362204,0.0,6.5,0.02594457,8.5,1.0,2
276,0.169486032,0.0,6.5,0.036406086,8.5,1.0,5
277,0.207507629,0.0,6.5,0.054572558,8.5,1.0,5
278,0.25405879,0.0,6.5,0.081804015,8.5,1.0,5
279,0.31105299,0.0,6.5,0.122623845,8.5,1.0,5
280,0.380832967,0.0,6.5,0.183812585,8.5,1.0,5
281,0.466267014,0.0,6.5,0.275534226,8.5,1.0,5
282,0.570866881,0.0,6.5,0.413024548,8.5,1.0,5
283,0.698932127,0.0,6.5,0.619121914,8.5,1.0,5
284,0.855726851,0.0,6.5,0.928060926,8.5,1.0,5
285,1.047696071,0.0,6.5,1.391159096,8.5,1.0,5
286,1.282730647,0.0,6.5,2.08534114,8.5,1.0,5
287,1.570491632,0.0,6.5,3.125916859,8.5,1.0,5
288,1.922807389,0.0,6.5,4.685735115,8.5,1.0,5
289,2.354159794,0.0,6.5,7.023895569,8.5,1.0,5
290,2.882279507,0.0,6.5,10.52878742,8.5,1.0,5
291,3.528874795,0.0,6.5,15.78260433,8.5,1.0,5
292,4.320523837,0.0,6.5,23.65805192,8.5,1.0,5
293,5.289767224,0.0,6.5,35.46331193,8.5,1.0,5
294,6.476445528,0.0,6.5,53.15934285,8.5,1.0,5
295,7.929336944,0.0,6.5,79.6856125,8.5,1.0,5
296,9.70816231,0.0,6.5,119.4483697,8.5,1.0,5
297,11.88603992,0.0,6.5,179.0525615,8.5,1.0,5
298,14.55249103,0.0,6.5,268.3989731,8.5,1.0,5
299,17.81711963,0.0,6.5,402.3288366,8.5,1.0,5
300,21.81411768,0.0,6.5,603.0890912,8.5,1.0,5
301,26.70778107,0.0,6.5,904.0277973,8.5,1.0,5
302,32.69926292,0.0,6.5,1355.133545,8.5,1.0,5
303,40.03484202,0.0,6.5,2031.339004,8.5,1.0,5
304,49.016046,0.0,6.5,3044.967903,8.5,1.0,5
305,60.01204561,0.0,6.5,4564.393,8.5,1.0,5
306,73.47482941,0.0,6.5,6842.004292,8.5,1.0,5
307,89.95778268,0.0,6.5,10256.13323,8.5,1.0,5
308,110.1384342,0.0,6.5,15373.89694,8.5,1.0,5
309,134.846306,0.0,6.5,23045.4014,8.5,1.0,5
310,165.0970106,0.0,6.5,34544.95159,8.5,1.0,5
311,202.1339977,0.0,6.5,51782.7249,8.5,1.0,5
312,247.4796659,0.0,6.5,77622.06846,8.5,1.0,5
313,302.9979407,0.0,6.5,116355.1266,8.5,1.0,5
314,370.9708906,0.0,6.5,174415.8042,8.5,1.0,5
315,454.1925313,0.0,6.5,261448.495,8.5,1.0,5
316,0.057038782,0.0,7.5,0.004473552,7.5,1.0,2
317,0.071054976,0.0,7.5,0.006942262,7.5,1.0,2
318,0.088515382,0.0,7.5,0.010773318,7.5,1.0,2
319,0.11026635,0.0,7.5,0.016718526,7.5,1.0,2
320,0.137362204,0.0,7.5,0.02594457,7.5,1.0,2
321,0.169486032,0.0,7.5,0.036406086,7.5,1.0,5
322,0.207507629,0.0,7.5,0.054572558,7.5,1.0,5
323,0.25405879,0.0,7.5,0.081804015,7.5,1.0,5
324,0.31105299,0.0,7.5,0.122623845,7.5,1.0,5
325,0.380832967,0.0,7.5,0.183812585,7.5,1.0,5
326,0.466267014,0.0,7.5,0.275534226,7.5,1.0,5
327,0.570866881,0.0,7.5,0.413024548,7.5,1.0,5
328,0.698932127,0.0,7.5,0.619121914,7.5,1.0,5
329,0.855726851,0.0,7.5,0.928060926,7.5,1.0,5
330,1.047696071,0.0,7.5,1.391159096,7.5,1.0,5
331,1.282730647,0.0,7.5,2.08534114,7.5,1.0,5
332,1.570491632,0.0,7.5,3.125916859,7.5,1.0,5
333,1.922807389,0.0,7.5,4.685735115,7.5,1.0,5
334,2.354159794,0.0,7.5,7.023895569,7.5,1.0,5
335,2.882279507,0.0,7.5,10.52878742,7.5,1.0,5
336,3.528874795,0.0,7.5,15.78260433,7.5,1.0,5
337,4.320523837,0.0,7.5,23.65805192,7.5,1.0,5
338,5.289767224,0.0,7.5,35.46331193,7.5,1.0,5
339,6.476445528,0.0,7.5,53.15934285,7.5,1.0,5
340,7.929336944,0.0,7.5,79.6856125,7.5,1.0,5
341,9.70816231,0.0,7.5,119.4483697,7.5,1.0,5
342,11.88603992,0.0,7.5,179.0525615,7.5,1.0,5
343,14.55249103,0.0,7.5,268.3989731,7.5,1.0,5
344,17.81711963,0.0,7.5,402.3288366,7.5,1.0,5
345,21.81411768,0.0,7.5,603.0890912,7.5,1.0,5
346,26.70778107,0.0,7.5,904.0277973,7.5,1.0,5
347,32.69926292,0.0,7.5,1355.133545,7.5,1.0,5
348,40.03484202,0.0,7.5,2031.339004,7.5,1.0,5
349,49.016046,0.0,7.5,3044.967903,7.5,1.0,5
350,60.01204561,0.0,7.5,4564.393,7.5,1.0,5
351,73.47482941,0.0,7.5,6842.004292,7.5,1.0,5
352,89.95778268,0.0,7.5,10256.13323,7.5,1.0,5
353,110.1384342,0.0,7.5,15373.89694,7.5,1.0,5
354,134.846306,0.0,7.5,23045.4014,7.5,1.0,5
355,165.0970106,0.0,7.5,34544.95159,7.5,1.0,5
356,202.1339977,0.0,7.5,51782.7249,7.5,1.0,5
357,247.4796659,0.0,7.5,77622.06846,7.5,1.0,5
358,302.9979407,0.0,7.5,116355.1266,7.5,1.0,5
359,370.9708906,0.0,7.5,174415.8042,7.5,1.0,5
360,454.1925313,0.0,7.5,261448.495,7.5,1.0,5
361,0.057038782,0.0,8.5,0.004473552,6.5,1.0,3
362,0.071054976,0.0,8.5,0.006942262,6.5,1.0,3
363,0.088515382,0.0,8.5,0.010773318,6.5,1.0,3
364,0.11026635,0.0,8.5,0.016718526,6.5,1.0,3
365,0.137362204,0.0,8.5,0.02594457,6.5,1.0,3
366,0.169486032,0.0,8.5,0.036406086,6.5,1.0,6
367,0.207507629,0.0,8.5,0.054572558,6.5,1.0,6
368,0.25405879,0.0,8.5,0.081804015,6.5,1.0,6
369,0.31105299,0.0,8.5,0.122623845,6.5,1.0,6
370,0.380832967,0.0,8.5,0.183812585,6.5,1.0,6
371,0.466267014,0.0,8.5,0.275534226,6.5,1.0,6
372,0.570866881,0.0,8.5,0.413024548,6.5,1.0,6
373,0.698932127,0.0,8.5,0.619121914,6.5,1.0,6
374,0.855726851,0.0,8.5,0.928060926,6.5,1.0,6
375,1.047696071,0.0,8.5,1.391159096,6.5,1.0,6
376,1.282730647,0.0,8.5,2.08534114,6.5,1.0,6
377,1.570491632,0.0,8.5,3.125916859,6.5,1.0,6
378,1.922807389,0.0,8.5,4.685735115,6.5,1.0,6
379,2.354159794,0.0,8.5,7.023895569,6.5,1.0,6
380,2.882279507,0.0,8.5,10.52878742,6.5,1.0,6
381,3.528874795,0.0,8.5,15.78260433,6.5,1.0,6
382,4.320523837,0.0,8.5,23.65805192,6.5,1.0,6
383,5.289767224,0.0,8.5,35.46331193,6.5,1.0,6
384,6.476445528,0.0,8.5,53.15934285,6.5,1.0,6
385,7.929336944,0.0,8.5,79.6856125,6.5,1.0,6
386,9.70816231,0.0,8.5,119.4483697,6.5,1.0,6
387,11.88603992,0.0,8.5,179.0525615,6.5,1.0,6
388,14.55249103,0.0,8.5,268.3989731,6.5,1.0,6
389,17.81711963,0.0,8.5,402.3288366,6.5,1.0,6
390,21.81411768,0.0,8.5,603.0890912,6.5,1.0,6
391,26.70778107,0.0,8.5,904.0277973,6.5,1.0,6
392,32.69926292,0.0,8.5,1355.133545,6.5,1.0,6
393,40.03484202,0.0,8.5,2031.339004,6.5,1.0,6
394,49.016046,0.0,8.5,3044.967903,6.5,1.0,6
395,60.01204561,0.0,8.5,4564.393,6.5,1.0,6
396,73.47482941,0.0,8.5,6842.004292,6.5,1.0,6
397,89.95778268,0.0,8.5,10256.13323,6.5,1.0,6
398,110.1384342,0.0,8.5,15373.89694,6.5,1.0,6
399,134.846306,0.0,8.5,23045.4014,6.5,1.0,6
400,165.0970106,0.0,8.5,34544.95159,6.5,1.0,6
401,202.1339977,0.0,8.5,51782.7249,6.5,1.0,6
402,247.4796659,0.0,8.5,77622.06846,6.5,1.0,6
403,302.9979407,0.0,8.5,116355.1266,6.5,1.0,6
404,370.9708906,0.0,8.5,174415.8042,6.5,1.0,6
405,454.1925313,0.0,8.5,261448.495,6.5,1.0,6
406,0.057038782,0.0,9.5,0.004473552,5.5,1.0,3
407,0.071054976,0.0,9.5,0.006942262,5.5,1.0,3
408,0.088515382,0.0,9.5,0.010773318,5.5,1.0,3
409,0.11026635,0.0,9.5,0.016718526,5.5,1.0,3
410,0.137362204,0.0,9.5,0.02594457,5.5,1.0,3
411,0.169486032,0.0,9.5,0.036406086,5.5,1.0,6
412,0.207507629,0.0,9.5,0.054572558,5.5,1.0,6
413,0.25405879,0.0,9.5,0.081804015,5.5,1.0,6
414,0.31105299,0.0,9.5,0.122623845,5.5,1.0,6
415,0.380832967,0.0,9.5,0.183812585,5.5,1.0,6
416,0.466267014,0.0,9.5,0.275534226,5.5,1.0,6
417,0.570866881,0.0,9.5,0.413024548,5.5,1.0,6
418,0.698932127,0.0,9.5,0.619121914,5.5,1.0,6
419,0.855726851,0.0,9.5,0.928060926,5.5,1.0,6
420,1.047696071,0.0,9.5,1.391159096,5.5,1.0,6
421,1.282730647,0.0,9.5,2.08534114,5.5,1.0,6
422,1.570491632,0.0,9.5,3.125916859,5.5,1.0,6
423,1.922807389,0.0,9.5,4.685735115,5.5,1.0,6
424,2.354159794,0.0,9.5,7.023895569,5.5,1.0,6
425,2.882279507,0.0,9.5,10.52878742,5.5,1.0,6
426,3.528874795,0.0,9.5,15.78260433,5.5,1.0,6
427,4.320523837,0.0,9.5,23.65805192,5.5,1.0,6
428,5.289767224,0.0,9.5,35.46331193,5.5,1.0,6
429,6.476445528,0.0,9.5,53.15934285,5.5,1.0,6
430,7.929336944,0.0,9.5,79.6856125,5.5,1.0,6
431,9.70816231,0.0,9.5,119.4483697,5.5,1.0,6
432,11.88603992,0.0,9.5,179.0525615,5.5,1.0,6
433,14.55249103,0.0,9.5,268.3989731,5.5,1.0,6
434,17.81711963,0.0,9.5,402.3288366,5.5,1.0,6
435,21.81411768,0.0,9.5,603.0890912,5.5,1.0,6
436,26.70778107,0.0,9.5,904.0277973,5.5,1.0,6
437,32.69926292,0.0,9.5,1355.133545,5.5,1.0,6
438,40.03484202,0.0,9.5,2031.339004,5.5,1.0,6
439,49.016046,0.0,9.5,3044.967903,5.5,1.0,6
440,60.01204561,0.0,9.5,4564.393,5.5,1.0,6
441,73.47482941,0.0,9.5,6842.004292,5.5,1.0,6
442,89.95778268,0.0,9.5,10256.13323,5.5,1.0,6
443,110.1384342,0.0,9.5,15373.89694,5.5,1.0,6
444,134.846306,0.0,9.5,23045.4014,5.5,1.0,6
445,165.0970106,0.0,9.5,34544.95159,5.5,1.0,6
446,202.1339977,0.0,9.5,51782.7249,5.5,1.0,6
447,247.4796659,0.0,9.5,77622.06846,5.5,1.0,6
448,302.9979407,0.0,9.5,116355.1266,5.5,1.0,6
449,370.9708906,0.0,9.5,174415.8042,5.5,1.0,6
450,454.1925313,0.0,9.5,261448.495,5.5,1.0,6
451,0.057038782,0.0,10.5,0.004473552,4.5,1.0,3
452,0.071054976,0.0,10.5,0.006942262,4.5,1.0,3
453,0.088515382,0.0,10.5,0.010773318,4.5,1.0,3
454,0.11026635,0.0,10.5,0.016718526,4.5,1.0,3
455,0.137362204,0.0,10.5,0.02594457,4.5,1.0,3
456,0.169486032,0.0,10.5,0.036406086,4.5,1.0,4
457,0.207507629,0.0,10.5,0.054572558,4.5,1.0,4
458,0.25405879,0.0,10.5,0.081804015,4.5,1.0,4
459,0.31105299,0.0,10.5,0.122623845,4.5,1.0,4
460,0.380832967,0.0,10.5,0.183812585,4.5,1.0,4
461,0.466267014,0.0,10.5,0.275534226,4.5,1.0,4
462,0.570866881,0.0,10.5,0.413024548,4.5,1.0,4
463,0.698932127,0.0,10.5,0.619121914,4.5,1.0,4
464,0.855726851,0.0,10.5,0.928060926,4.5,1.0,4
465,1.047696071,0.0,10.5,1.391159096,4.5,1.0,4
466,1.282730647,0.0,10.5,2.08534114,4.5,1.0,4
467,1.570491632,0.0,10.5,3.125916859,4.5,1.0,4
468,1.922807389,0.0,10.5,4.685735115,4.5,1.0,4
469,2.354159794,0.0,10.5,7.023895569,4.5,1.0,4
470,2.882279507,0.0,10.5,10.52878742,4.5,1.0,4
471,3.528874795,0.0,10.5,15.78260433,4.5,1.0,4
472,4.320523837,0.0,10.5,23.65805192,4.5,1.0,4
473,5.289767224,0.0,10.5,35.46331193,4.5,1.0,4
474,6.476445528,0.0,10.5,53.15934285,4.5,1.0,4
475,7.929336944,0.0,10.5,79.6856125,4.5,1.0,4
476,9.70816231,0.0,10.5,119.4483697,4.5,1.0,4
477,11.88603992,0.0,10.5,179.0525615,4.5,1.0,4
478,14.55249103,0.0,10.5,268.3989731,4.5,1.0,4
479,17.81711963,0.0,10.5,402.3288366,4.5,1.0,4
480,21.81411768,0.0,10.5,603.0890912,4.5,1.0,4
481,26.70778107,0.0,10.5,904.0277973,4.5,1.0,4
482,32.69926292,0.0,10.5,1355.133545,4.5,1.0,4
483,40.03484202,0.0,10.5,2031.339004,4.5,1.0,4
484,49.016046,0.0,10.5,3044.967903,4.5,1.0,4
485,60.01204561,0.0,10.5,4564.393,4.5,1.0,4
486,73.47482941,0.0,10.5,6842.004292,4.5,1.0,4
487,89.95778268,0.0,10.5,10256.13323,4.5,1.0,4
488,110.1384342,0.0,10.5,15373.89694,4.5,1.0,4
489,134.846306,0.0,10.5,23045.4014,4.5,1.0,4
490,165.0970106,0.0,10.5,34544.95159,4.5,1.0,4
491,202.1339977,0.0,10.5,51782.7249,4.5,1.0,4
492,247.4796659,0.0,10.5,77622.06846,4.5,1.0,4
493,302.9979407,0.0,10.5,116355.1266,4.5,1.0,4
494,370.9708906,0.0,10.5,174415.8042,4.5,1.0,4
495,454.1925313,0.0,10.5,261448.495,4.5,1.0,4
496,0.057038782,0.0,11.5,0.004473552,3.5,1.0,3
497,0.071054976,0.0,11.5,0.006942262,3.5,1.0,3
498,0.088515382,0.0,11.5,0.010773318,3.5,1.0,3
499,0.11026635,0.0,11.5,0.016718526,3.5,1.0,3
500,0.137362204,0.0,11.5,0.02594457,3.5,1.0,3
501,0.169486032,0.0,11.5,0.036406086,3.5,1.0,4
502,0.207507629,0.0,11.5,0.054572558,3.5,1.0,4
503,0.25405879,0.0,11.5,0.081804015,3.5,1.0,4
504,0.31105299,0.0,11.5,0.122623845,3.5,1.0,4
505,0.380832967,0.0,11.5,0.183812585,3.5,1.0,4
506,0.466267014,0.0,11.5,0.275534226,3.5,1.0,4
507,0.570866881,0.0,11.5,0.413024548,3.5,1.0,4
508,0.698932127,0.0,11.5,0.619121914,3.5,1.0,4
509,0.855726851,0.0,11.5,0.928060926,3.5,1.0,4
510,1.047696071,0.0,11.5,1.391159096,3.5,1.0,4
511,1.282730647,0.0,11.5,2.08534114,3.5,1.0,4
512,1.570491632,0.0,11.5,3.125916859,3.5,1.0,4
513,1.922807389,0.0,11.5,4.685735115,3.5,1.0,4
514,2.354159794,0.0,11.5,7.023895569,3.5,1.0,4
515,2.882279507,0.0,11.5,10.52878742,3.5,1.0,4
516,3.528874795,0.0,11.5,15.78260433,3.5,1.0,4
517,4.320523837,0.0,11.5,23.65805192,3.5,1.0,4
518,5.289767224,0.0,11.5,35.46331193,3.5,1.0,4
519,6.476445528,0.0,11.5,53.15934285,3.5,1.0,4
520,7.929336944,0.0,11.5,79.6856125,3.5,1.0,4
521,9.70816231,0.0,11.5,119.4483697,3.5,1.0,4
522,11.88603992,0.0,11.5,179.0525615,3.5,1.0,4
523,14.55249103,0.0,11.5,268.3989731,3.5,1.0,4
524,17.81711963,0.0,11.5,402.3288366,3.5,1.0,4
525,21.81411768,0.0,11.5,603.0890912,3.5,1.0,4
526,26.70778107,0.0,11.5,904.0277973,3.5,1.0,4
527,32.69926292,0.0,11.5,1355.133545,3.5,1.0,4
528,40.03484202,0.0,11.5,2031.339004,3.5,1.0,4
529,49.016046,0.0,11.5,3044.967903,3.5,1.0,4
530,60.01204561,0.0,11.5,4564.393,3.5,1.0,4
531,73.47482941,0.0,11.5,6842.004292,3.5,1.0,4
532,89.95778268,0.0,11.5,10256.13323,3.5,1.0,4
533,110.1384342,0.0,11.5,15373.89694,3.5,1.0,4
534,134.846306,0.0,11.5,23045.4014,3.5,1.0,4
535,165.0970106,0.0,11.5,34544.95159,3.5,1.0,4
536,202.1339977,0.0,11.5,51782.7249,3.5,1.0,4
537,247.4796659,0.0,11.5,77622.06846,3.5,1.0,4
538,302.9979407,0.0,11.5,116355.1266,3.5,1.0,4
539,370.9708906,0.0,11.5,174415.8042,3.5,1.0,4
540,454.1925313,0.0,11.5,261448.495,3.5,1.0,4
541,0.057038782,0.0,12.5,0.004473552,2.5,1.0,3
542,0.071054976,0.0,12.5,0.006942262,2.5,1.0,3
543,0.088515382,0.0,12.5,0.010773318,2.5,1.0,3
544,0.11026635,0.0,12.5,0.016718526,2.5,1.0,3
545,0.137362204,0.0,12.5,0.02594457,2.5,1.0,3
546,0.169486032,0.0,12.5,0.036406086,2.5,1.0,4
547,0.207507629,0.0,12.5,0.054572558,2.5,1.0,4
548,0.25405879,0.0,12.5,0.081804015,2.5,1.0,4
549,0.31105299,0.0,12.5,0.122623845,2.5,1.0,4
550,0.380832967,0.0,12.5,0.183812585,2.5,1.0,4
551,0.466267014,0.0,12.5,0.275534226,2.5,1.0,4
552,0.570866881,0.0,12.5,0.413024548,2.5,1.0,4
553,0.698932127,0.0,12.5,0.619121914,2.5,1.0,4
554,0.855726851,0.0,12.5,0.928060926,2.5,1.0,4
555,1.047696071,0.0,12.5,1.391159096,2.5,1.0,4
556,1.282730647,0.0,12.5,2.08534114,2.5,1.0,4
557,1.570491632,0.0,12.5,3.125916859,2.5,1.0,4
558,1.922807389,0.0,12.5,4.685735115,2.5,1.0,4
559,2.354159794,0.0,12.5,7.023895569,2.5,1.0,4
560,2.882279507,0.0,12.5,10.52878742,2.5,1.0,4
561,3.528874795,0.0,12.5,15.78260433,2.5,1.0,4
562,4.320523837,0.0,12.5,23.65805192,2.5,1.0,4
563,5.289767224,0.0,12.5,35.46331193,2.5,1.0,4
564,6.476445528,0.0,12.5,53.15934285,2.5,1.0,4
565,7.929336944,0.0,12.5,79.6856125,2.5,1.0,4
566,9.70816231,0.0,12.5,119.4483697,2.5,1.0,4
567,11.88603992,0.0,12.5,179.0525615,2.5,1.0,4
568,14.55249103,0.0,12.5,268.3989731,2.5,1.0,4
569,17.81711963,0.0,12.5,402.3288366,2.5,1.0,4
570,21.81411768,0.0,12.5,603.0890912,2.5,1.0,4
571,26.70778107,0.0,12.5,904.0277973,2.5,1.0,4
572,32.69926292,0.0,12.5,1355.133545,2.5,1.0,4
573,40.03484202,0.0,12.5,2031.339004,2.5,1.0,4
574,49.016046,0.0,12.5,3044.967903,2.5,1.0,4
575,60.01204561,0.0,12.5,4564.393,2.5,1.0,4
576,73.47482941,0.0,12.5,6842.004292,2.5,1.0,4
577,89.95778268,0.0,12.5,10256.13323,2.5,1.0,4
578,110.1384342,0.0,12.5,15373.89694,2.5,1.0,4
579,134.846306,0.0,12.5,23045.4014,2.5,1.0,4
580,165.0970106,0.0,12.5,34544.95159,2.5,1.0,4
581,202.1339977,0.0,12.5,51782.7249,2.5,1.0,4
582,247.4796659,0.0,12.5,77622.06846,2.5,1.0,4
583,302.9979407,0.0,12.5,116355.1266,2.5,1.0,4
584,370.9708906,0.0,12.5,174415.8042,2.5,1.0,4
585,454.1925313,0.0,12.5,261448.495,2.5,1.0,4
586,0.057038782,0.0,13.5,0.004473552,1.5,1.0,3
587,0.071054976,0.0,13.5,0.006942262,1.5,1.0,3
588,0.088515382,0.0,13.5,0.010773318,1.5,1.0,3
589,0.11026635,0.0,13.5,0.016718526,1.5,1.0,3
590,0.137362204,0.0,13.5,0.02594457,1.5,1.0,3
591,0.169486032,0.0,13.5,0.036406086,1.5,1.0,4
592,0.207507629,0.0,13.5,0.054572558,1.5,1.0,4
593,0.25405879,0.0,13.5,0.081804015,1.5,1.0,4
594,0.31105299,0.0,13.5,0.122623845,1.5,1.0,4
595,0.380832967,0.0,13.5,0.183812585,1.5,1.0,4
596,0.466267014,0.0,13.5,0.275534226,1.5,1.0,4
597,0.570866881,0.0,13.5,0.413024548,1.5,1.0,4
598,0.698932127,0.0,13.5,0.619121914,1.5,1.0,4
599,0.855726851,0.0,13.5,0.928060926,1.5,1.0,4
600,1.047696071,0.0,13.5,1.391159096,1.5,1.0,4
601,1.282730647,0.0,13.5,2.08534114,1.5,1.0,4
602,1.570491632,0.0,13.5,3.125916859,1.5,1.0,4
603,1.922807389,0.0,13.5,4.685735115,1.5,1.0,4
604,2.354159794,0.0,13.5,7.023895569,1.5,1.0,4
605,2.882279507,0.0,13.5,10.52878742,1.5,1.0,4
606,3.528874795,0.0,13.5,15.78260433,1.5,1.0,4
607,4.320523837,0.0,13.5,23.65805192,1.5,1.0,4
608,5.289767224,0.0,13.5,35.46331193,1.5,1.0,4
609,6.476445528,0.0,13.5,53.15934285,1.5,1.0,4
610,7.929336944,0.0,13.5,79.6856125,1.5,1.0,4
611,9.70816231,0.0,13.5,119.4483697,1.5,1.0,4
612,11.88603992,0.0,13.5,179.0525615,1.5,1.0,4
613,14.55249103,0.0,13.5,268.3989731,1.5,1.0,4
614,17.81711963,0.0,13.5,402.3288366,1.5,1.0,4
615,21.81411768,0.0,13.5,603.0890912,1.5,1.0,4
616,26.70778107,0.0,13.5,904.0277973,1.5,1.0,4
617,32.69926292,0.0,13.5,1355.133545,1.5,1.0,4
618,40.03484202,0.0,13.5,2031.339004,1.5,1.0,4
619,49.016046,0.0,13.5,3044.967903,1.5,1.0,4
620,60.01204561,0.0,13.5,4564.393,1.5,1.0,4
621,73.47482941,0.0,13.5,6842.004292,1.5,1.0,4
622,89.95778268,0.0,13.5,10256.13323,1.5,1.0,4
623,110.1384342,0.0,13.5,15373.89694,1.5,1.0,4
624,134.846306,0.0,13.5,23045.4014,1.5,1.0,4
625,165.0970106,0.0,13.5,34544.95159,1.5,1.0,4
626,202.1339977,0.0,13.5,51782.7249,1.5,1.0,4
627,247.4796659,0.0,13.5,77622.06846,1.5,1.0,4
628,302.9979407,0.0,13.5,116355.1266,1.5,1.0,4
629,370.9708906,0.0,13.5,174415.8042,1.5,1.0,4
630,454.1925313,0.0,13.5,261448.495,1.5,1.0,4
631,0.057038782,0.0,14.5,0.004473552,0.5,1.0,3
632,0.071054976,0.0,14.5,0.006942262,0.5,1.0,3
633,0.088515382,0.0,14.5,0.010773318,0.5,1.0,3
634,0.11026635,0.0,14.5,0.016718526,0.5,1.0,3
635,0.137362204,0.0,14.5,0.02594457,0.5,1.0,3
636,0.169486032,0.0,14.5,0.036406086,0.5,1.0,4
637,0.207507629,0.0,14.5,0.054572558,0.5,1.0,4
638,0.25405879,0.0,14.5,0.081804015,0.5,1.0,4
639,0.31105299,0.0,14.5,0.122623845,0.5,1.0,4
640,0.380832967,0.0,14.5,0.183812585,0.5,1.0,4
641,0.466267014,0.0,14.5,0.275534226,0.5,1.0,4
642,0.570866881,0.0,14.5,0.413024548,0.5,1.0,4
643,0.698932127,0.0,14.5,0.619121914,0.5,1.0,4
644,0.855726851,0.0,14.5,0.928060926,0.5,1.0,4
645,1.047696071,0.0,14.5,1.391159096,0.5,1.0,4
646,1.282730647,0.0,14.5,2.08534114,0.5,1.0,4
647,1.570491632,0.0,14.5,3.125916859,0.5,1.0,4
648,1.922807389,0.0,14.5,4.685735115,0.5,1.0,4
649,2.354159794,0.0,14.5,7.023895569,0.5,1.0,4
650,2.882279507,0.0,14.5,10.52878742,0.5,1.0,4
651,3.528874795,0.0,14.5,15.78260433,0.5,1.0,4
652,4.320523837,0.0,14.5,23.65805192,0.5,1.0,4
653,5.289767224,0.0,14.5,35.46331193,0.5,1.0,4
654,6.476445528,0.0,14.5,53.15934285,0.5,1.0,4
655,7.929336944,0.0,14.5,79.6856125,0.5,1.0,4
656,9.70816231,0.0,14.5,119.4483697,0.5,1.0,4
657,11.88603992,0.0,14.5,179.0525615,0.5,1.0,4
658,14.55249103,0.0,14.5,268.3989731,0.5,1.0,4
659,17.81711963,0.0,14.5,402.3288366,0.5,1.0,4
660,21.81411768,0.0,14.5,603.0890912,0.5,1.0,4
661,26.70778107,0.0,14.5,904.0277973,0.5,1.0,4
662,32.69926292,0.0,14.5,1355.133545,0.5,1.0,4
663,40.03484202,0.0,14.5,2031.339004,0.5,1.0,4
664,49.016046,0.0,14.5,3044.967903,0.5,1.0,4
665,60.01204561,0.0,14.5,4564.393,0.5,1.0,4
666,73.47482941,0.0,14.5,6842.004292,0.5,1.0,4
667,89.95778268,0.0,14.5,10256.13323,0.5,1.0,4
668,110.1384342,0.0,14.5,15373.89694,0.5,1.0,4
669,134.846306,0.0,14.5,23045.4014,0.5,1.0,4
670,165.0970106,0.0,14.5,34544.95159,0.5,1.0,4
671,202.1339977,0.0,14.5,51782.7249,0.5,1.0,4
672,247.4796659,0.0,14.5,77622.06846,0.5,1.0,4
673,302.9979407,0.0,14.5,116355.1266,0.5,1.0,4
674,370.9708906,0.0,14.5,174415.8042,0.5,1.0,4
675,454.1925313,0.0,14.5,261448.495,0.5,1.0,4
676,0.0,0.0,7.5,0.121597926,7.5,1.0,1
677,500.001,0.0,7.5,1.0e30,7.5,1.0,1
