connection,cell1,cell2,del1,del2,area,zConnect
1,1,2,0.006241261,0.007774932,0.39760024,false
2,46,47,0.006241261,0.007774932,0.39760024,false
3,91,92,0.006241261,0.007774932,0.39760024,false
4,136,137,0.006241261,0.007774932,0.39760024,false
5,181,182,0.006241261,0.007774932,0.39760024,false
6,2,3,0.007774932,0.009685474,0.495302921,false
7,47,48,0.007774932,0.009685474,0.495302921,false
8,92,93,0.007774932,0.009685474,0.495302921,false
9,137,138,0.007774932,0.009685474,0.495302921,false
10,182,183,0.007774932,0.009685474,0.495302921,false
11,3,4,0.009685474,0.012065494,0.617014173,false
12,48,49,0.009685474,0.012065494,0.617014173,false
13,93,94,0.009685474,0.012065494,0.617014173,false
14,138,139,0.009685474,0.012065494,0.617014173,false
15,183,184,0.009685474,0.012065494,0.617014173,false
16,4,5,0.012065494,0.015030359,0.768633645,false
17,49,50,0.012065494,0.015030359,0.768633645,false
18,94,95,0.012065494,0.015030359,0.768633645,false
19,139,140,0.012065494,0.015030359,0.768633645,false
20,184,185,0.012065494,0.015030359,0.768633645,false
21,5,6,0.015030359,0.017093469,0.957510713,false
22,50,51,0.015030359,0.017093469,0.957510713,false
23,95,96,0.015030359,0.017093469,0.957510713,false
24,140,141,0.015030359,0.017093469,0.957510713,false
25,185,186,0.015030359,0.017093469,0.957510713,false
26,6,7,0.017093469,0.020928128,1.172313584,false
27,51,52,0.017093469,0.020928128,1.172313584,false
28,96,97,0.017093469,0.020928128,1.172313584,false
29,141,142,0.017093469,0.020928128,1.172313584,false
30,186,187,0.017093469,0.020928128,1.172313584,false
31,7,8,0.020928128,0.025623033,1.435304192,false
32,52,53,0.020928128,0.025623033,1.435304192,false
33,97,98,0.020928128,0.025623033,1.435304192,false
34,142,143,0.020928128,0.025623033,1.435304192,false
35,187,188,0.020928128,0.025623033,1.435304192,false
36,8,9,0.025623033,0.031371168,1.757292716,false
37,53,54,0.025623033,0.031371168,1.757292716,false
38,98,99,0.025623033,0.031371168,1.757292716,false
39,143,144,0.025623033,0.031371168,1.757292716,false
40,188,189,0.025623033,0.031371168,1.757292716,false
41,9,10,0.031371168,0.038408809,2.151514438,false
42,54,55,0.031371168,0.038408809,2.151514438,false
43,99,100,0.031371168,0.038408809,2.151514438,false
44,144,145,0.031371168,0.038408809,2.151514438,false
45,189,190,0.031371168,0.038408809,2.151514438,false
46,10,11,0.038408809,0.047025237,2.634173767,false
47,55,56,0.038408809,0.047025237,2.634173767,false
48,100,101,0.038408809,0.047025237,2.634173767,false
49,145,146,0.038408809,0.047025237,2.634173767,false
50,190,191,0.038408809,0.047025237,2.634173767,false
51,11,12,0.047025237,0.05757463,3.22511033,false
52,56,57,0.047025237,0.05757463,3.22511033,false
53,101,102,0.047025237,0.05757463,3.22511033,false
54,146,147,0.047025237,0.05757463,3.22511033,false
55,191,192,0.047025237,0.05757463,3.22511033,false
56,12,13,0.05757463,0.070490617,3.948614464,false
57,57,58,0.05757463,0.070490617,3.948614464,false
58,102,103,0.05757463,0.070490617,3.948614464,false
59,147,148,0.05757463,0.070490617,3.948614464,false
60,192,193,0.05757463,0.070490617,3.948614464,false
61,13,14,0.070490617,0.086304107,4.834425676,false
62,58,59,0.070490617,0.086304107,4.834425676,false
63,103,104,0.070490617,0.086304107,4.834425676,false
64,148,149,0.070490617,0.086304107,4.834425676,false
65,193,194,0.070490617,0.086304107,4.834425676,false
66,14,15,0.086304107,0.105665113,5.918955074,false
67,59,60,0.086304107,0.105665113,5.918955074,false
68,104,105,0.086304107,0.105665113,5.918955074,false
69,149,150,0.086304107,0.105665113,5.918955074,false
70,194,195,0.086304107,0.105665113,5.918955074,false
71,15,16,0.105665113,0.129369463,7.246782041,false
72,60,61,0.105665113,0.129369463,7.246782041,false
73,105,106,0.105665113,0.129369463,7.246782041,false
74,150,151,0.105665113,0.129369463,7.246782041,false
75,195,196,0.105665113,0.129369463,7.246782041,false
76,16,17,0.129369463,0.158391522,8.872486662,false
77,61,62,0.129369463,0.158391522,8.872486662,false
78,106,107,0.129369463,0.158391522,8.872486662,false
79,151,152,0.129369463,0.158391522,8.872486662,false
80,196,197,0.129369463,0.158391522,8.872486662,false
81,17,18,0.158391522,0.193924235,10.86289323,false
82,62,63,0.158391522,0.193924235,10.86289323,false
83,107,108,0.158391522,0.193924235,10.86289323,false
84,152,153,0.158391522,0.193924235,10.86289323,false
85,197,198,0.158391522,0.193924235,10.86289323,false
86,18,19,0.193924235,0.237428169,13.29981704,false
87,63,64,0.193924235,0.237428169,13.29981704,false
88,108,109,0.193924235,0.237428169,13.29981704,false
89,153,154,0.193924235,0.237428169,13.29981704,false
90,198,199,0.193924235,0.237428169,13.29981704,false
91,19,20,0.237428169,0.290691544,16.28342741,false
92,64,65,0.237428169,0.290691544,16.28342741,false
93,109,110,0.237428169,0.290691544,16.28342741,false
94,154,155,0.237428169,0.290691544,16.28342741,false
95,199,200,0.237428169,0.290691544,16.28342741,false
96,20,21,0.290691544,0.355903743,19.93636509,false
97,65,66,0.290691544,0.355903743,19.93636509,false
98,110,111,0.290691544,0.355903743,19.93636509,false
99,155,156,0.290691544,0.355903743,19.93636509,false
100,200,201,0.290691544,0.355903743,19.93636509,false
101,21,22,0.355903743,0.435745299,24.40878343,false
102,66,67,0.355903743,0.435745299,24.40878343,false
103,111,112,0.355903743,0.435745299,24.40878343,false
104,156,157,0.355903743,0.435745299,24.40878343,false
105,201,202,0.355903743,0.435745299,24.40878343,false
106,22,23,0.435745299,0.533498087,29.88452036,false
107,67,68,0.435745299,0.533498087,29.88452036,false
108,112,113,0.435745299,0.533498087,29.88452036,false
109,157,158,0.435745299,0.533498087,29.88452036,false
110,202,203,0.435745299,0.533498087,29.88452036,false
111,23,24,0.533498087,0.653180217,36.58865504,false
112,68,69,0.533498087,0.653180217,36.58865504,false
113,113,114,0.533498087,0.653180217,36.58865504,false
114,158,159,0.533498087,0.653180217,36.58865504,false
115,203,204,0.533498087,0.653180217,36.58865504,false
116,24,25,0.653180217,0.7997112,44.79675972,false
117,69,70,0.653180217,0.7997112,44.79675972,false
118,114,115,0.653180217,0.7997112,44.79675972,false
119,159,160,0.653180217,0.7997112,44.79675972,false
120,204,205,0.653180217,0.7997112,44.79675972,false
121,25,26,0.7997112,0.979114166,54.84622704,false
122,70,71,0.7997112,0.979114166,54.84622704,false
123,115,116,0.7997112,0.979114166,54.84622704,false
124,160,161,0.7997112,0.979114166,54.84622704,false
125,205,206,0.7997112,0.979114166,54.84622704,false
126,26,27,0.979114166,1.198763441,67.15013853,false
127,71,72,0.979114166,1.198763441,67.15013853,false
128,116,117,0.979114166,1.198763441,67.15013853,false
129,161,162,0.979114166,1.198763441,67.15013853,false
130,206,207,0.979114166,1.198763441,67.15013853,false
131,27,28,1.198763441,1.467687669,82.21424421,false
132,72,73,1.198763441,1.467687669,82.21424421,false
133,117,118,1.198763441,1.467687669,82.21424421,false
134,162,163,1.198763441,1.467687669,82.21424421,false
135,207,208,1.198763441,1.467687669,82.21424421,false
136,28,29,1.467687669,1.796940932,100.6577514,false
137,73,74,1.467687669,1.796940932,100.6577514,false
138,118,119,1.467687669,1.796940932,100.6577514,false
139,163,164,1.467687669,1.796940932,100.6577514,false
140,208,209,1.467687669,1.796940932,100.6577514,false
141,29,30,1.796940932,2.200057123,123.2387771,false
142,74,75,1.796940932,2.200057123,123.2387771,false
143,119,120,1.796940932,2.200057123,123.2387771,false
144,164,165,1.796940932,2.200057123,123.2387771,false
145,209,210,1.796940932,2.200057123,123.2387771,false
146,30,31,2.200057123,2.693606261,150.8855103,false
147,75,76,2.200057123,2.693606261,150.8855103,false
148,120,121,2.200057123,2.693606261,150.8855103,false
149,165,166,2.200057123,2.693606261,150.8855103,false
150,210,211,2.200057123,2.693606261,150.8855103,false
151,31,32,2.693606261,3.297875594,184.7343649,false
152,76,77,2.693606261,3.297875594,184.7343649,false
153,121,122,2.693606261,3.297875594,184.7343649,false
154,166,167,2.693606261,3.297875594,184.7343649,false
155,211,212,2.693606261,3.297875594,184.7343649,false
156,32,33,3.297875594,4.037703502,226.1766918,false
157,77,78,3.297875594,4.037703502,226.1766918,false
158,122,123,3.297875594,4.037703502,226.1766918,false
159,167,168,3.297875594,4.037703502,226.1766918,false
160,212,213,3.297875594,4.037703502,226.1766918,false
161,33,34,4.037703502,4.943500475,276.9159705,false
162,78,79,4.037703502,4.943500475,276.9159705,false
163,123,124,4.037703502,4.943500475,276.9159705,false
164,168,169,4.037703502,4.943500475,276.9159705,false
165,213,214,4.037703502,4.943500475,276.9159705,false
166,34,35,4.943500475,6.052499135,339.0378296,false
167,79,80,4.943500475,6.052499135,339.0378296,false
168,124,125,4.943500475,6.052499135,339.0378296,false
169,169,170,4.943500475,6.052499135,339.0378296,false
170,214,215,4.943500475,6.052499135,339.0378296,false
171,35,36,6.052499135,7.410284668,415.0957768,false
172,80,81,6.052499135,7.410284668,415.0957768,false
173,125,126,6.052499135,7.410284668,415.0957768,false
174,170,171,6.052499135,7.410284668,415.0957768,false
175,215,216,6.052499135,7.410284668,415.0957768,false
176,36,37,7.410284668,9.072668601,508.2161603,false
177,81,82,7.410284668,9.072668601,508.2161603,false
178,126,127,7.410284668,9.072668601,508.2161603,false
179,171,172,7.410284668,9.072668601,508.2161603,false
180,216,217,7.410284668,9.072668601,508.2161603,false
181,37,38,9.072668601,11.10798292,622.2266764,false
182,82,83,9.072668601,11.10798292,622.2266764,false
183,127,128,9.072668601,11.10798292,622.2266764,false
184,172,173,9.072668601,11.10798292,622.2266764,false
185,217,218,9.072668601,11.10798292,622.2266764,false
186,38,39,11.10798292,13.59988886,761.8137066,false
187,83,84,11.10798292,13.59988886,761.8137066,false
188,128,129,11.10798292,13.59988886,761.8137066,false
189,173,174,11.10798292,13.59988886,761.8137066,false
190,218,219,11.10798292,13.59988886,761.8137066,false
191,39,40,13.59988886,16.65081574,932.7149503,false
192,84,85,13.59988886,16.65081574,932.7149503,false
193,129,130,13.59988886,16.65081574,932.7149503,false
194,174,175,13.59988886,16.65081574,932.7149503,false
195,219,220,13.59988886,16.65081574,932.7149503,false
196,40,41,16.65081574,20.38617137,1141.955272,false
197,85,86,16.65081574,20.38617137,1141.955272,false
198,130,131,16.65081574,20.38617137,1141.955272,false
199,175,176,16.65081574,20.38617137,1141.955272,false
200,220,221,16.65081574,20.38617137,1141.955272,false
201,41,42,20.38617137,24.95949686,1398.135457,false
202,86,87,20.38617137,24.95949686,1398.135457,false
203,131,132,20.38617137,24.95949686,1398.135457,false
204,176,177,20.38617137,24.95949686,1398.135457,false
205,221,222,20.38617137,24.95949686,1398.135457,false
206,42,43,24.95949686,30.55877791,1711.785745,false
207,87,88,24.95949686,30.55877791,1711.785745,false
208,132,133,24.95949686,30.55877791,1711.785745,false
209,177,178,24.95949686,30.55877791,1711.785745,false
210,222,223,24.95949686,30.55877791,1711.785745,false
211,43,44,30.55877791,37.41417196,2095.798673,false
212,88,89,30.55877791,37.41417196,2095.798673,false
213,133,134,30.55877791,37.41417196,2095.798673,false
214,178,179,30.55877791,37.41417196,2095.798673,false
215,223,224,30.55877791,37.41417196,2095.798673,false
216,44,45,37.41417196,45.80746873,2565.959025,false
217,89,90,37.41417196,45.80746873,2565.959025,false
218,134,135,37.41417196,45.80746873,2565.959025,false
219,179,180,37.41417196,45.80746873,2565.959025,false
220,224,225,37.41417196,45.80746873,2565.959025,false
221,226,227,0.006241261,0.007774932,0.39760024,false
222,271,272,0.006241261,0.007774932,0.39760024,false
223,316,317,0.006241261,0.007774932,0.39760024,false
224,227,228,0.007774932,0.009685474,0.495302921,false
225,272,273,0.007774932,0.009685474,0.495302921,false
226,317,318,0.007774932,0.009685474,0.495302921,false
227,228,229,0.009685474,0.012065494,0.617014173,false
228,273,274,0.009685474,0.012065494,0.617014173,false
229,318,319,0.009685474,0.012065494,0.617014173,false
230,229,230,0.012065494,0.015030359,0.768633645,false
231,274,275,0.012065494,0.015030359,0.768633645,false
232,319,320,0.012065494,0.015030359,0.768633645,false
233,230,231,0.015030359,0.017093469,0.957510713,false
234,275,276,0.015030359,0.017093469,0.957510713,false
235,320,321,0.015030359,0.017093469,0.957510713,false
236,231,232,0.017093469,0.020928128,1.172313584,false
237,276,277,0.017093469,0.020928128,1.172313584,false
238,321,322,0.017093469,0.020928128,1.172313584,false
239,232,233,0.020928128,0.025623033,1.435304192,false
240,277,278,0.020928128,0.025623033,1.435304192,false
241,322,323,0.020928128,0.025623033,1.435304192,false
242,233,234,0.025623033,0.031371168,1.757292716,false
243,278,279,0.025623033,0.031371168,1.757292716,false
244,323,324,0.025623033,0.031371168,1.757292716,false
245,234,235,0.031371168,0.038408809,2.151514438,false
246,279,280,0.031371168,0.038408809,2.151514438,false
247,324,325,0.031371168,0.038408809,2.151514438,false
248,235,236,0.038408809,0.047025237,2.634173767,false
249,280,281,0.038408809,0.047025237,2.634173767,false
250,325,326,0.038408809,0.047025237,2.634173767,false
251,236,237,0.047025237,0.05757463,3.22511033,false
252,281,282,0.047025237,0.05757463,3.22511033,false
253,326,327,0.047025237,0.05757463,3.22511033,false
254,237,238,0.05757463,0.070490617,3.948614464,false
255,282,283,0.05757463,0.070490617,3.948614464,false
256,327,328,0.05757463,0.070490617,3.948614464,false
257,238,239,0.070490617,0.086304107,4.834425676,false
258,283,284,0.070490617,0.086304107,4.834425676,false
259,328,329,0.070490617,0.086304107,4.834425676,false
260,239,240,0.086304107,0.105665113,5.918955074,false
261,284,285,0.086304107,0.105665113,5.918955074,false
262,329,330,0.086304107,0.105665113,5.918955074,false
263,240,241,0.105665113,0.129369463,7.246782041,false
264,285,286,0.105665113,0.129369463,7.246782041,false
265,330,331,0.105665113,0.129369463,7.246782041,false
266,241,242,0.129369463,0.158391522,8.872486662,false
267,286,287,0.129369463,0.158391522,8.872486662,false
268,331,332,0.129369463,0.158391522,8.872486662,false
269,242,243,0.158391522,0.193924235,10.86289323,false
270,287,288,0.158391522,0.193924235,10.86289323,false
271,332,333,0.158391522,0.193924235,10.86289323,false
272,243,244,0.193924235,0.237428169,13.29981704,false
273,288,289,0.193924235,0.237428169,13.29981704,false
274,333,334,0.193924235,0.237428169,13.29981704,false
275,244,245,0.237428169,0.290691544,16.28342741,false
276,289,290,0.237428169,0.290691544,16.28342741,false
277,334,335,0.237428169,0.290691544,16.28342741,false
278,245,246,0.290691544,0.355903743,19.93636509,false
279,290,291,0.290691544,0.355903743,19.93636509,false
280,335,336,0.290691544,0.355903743,19.93636509,false
281,246,247,0.355903743,0.435745299,24.40878343,false
282,291,292,0.355903743,0.435745299,24.40878343,false
283,336,337,0.355903743,0.435745299,24.40878343,false
284,247,248,0.435745299,0.533498087,29.88452036,false
285,292,293,0.435745299,0.533498087,29.88452036,false
286,337,338,0.435745299,0.533498087,29.88452036,false
287,248,249,0.533498087,0.653180217,36.58865504,false
288,293,294,0.533498087,0.653180217,36.58865504,false
289,338,339,0.533498087,0.653180217,36.58865504,false
290,249,250,0.653180217,0.7997112,44.79675972,false
291,294,295,0.653180217,0.7997112,44.79675972,false
292,339,340,0.653180217,0.7997112,44.79675972,false
293,250,251,0.7997112,0.979114166,54.84622704,false
294,295,296,0.7997112,0.979114166,54.84622704,false
295,340,341,0.7997112,0.979114166,54.84622704,false
296,251,252,0.979114166,1.198763441,67.15013853,false
297,296,297,0.979114166,1.198763441,67.15013853,false
298,341,342,0.979114166,1.198763441,67.15013853,false
299,252,253,1.198763441,1.467687669,82.21424421,false
300,297,298,1.198763441,1.467687669,82.21424421,false
301,342,343,1.198763441,1.467687669,82.21424421,false
302,253,254,1.467687669,1.796940932,100.6577514,false
303,298,299,1.467687669,1.796940932,100.6577514,false
304,343,344,1.467687669,1.796940932,100.6577514,false
305,254,255,1.796940932,2.200057123,123.2387771,false
306,299,300,1.796940932,2.200057123,123.2387771,false
307,344,345,1.796940932,2.200057123,123.2387771,false
308,255,256,2.200057123,2.693606261,150.8855103,false
309,300,301,2.200057123,2.693606261,150.8855103,false
310,345,346,2.200057123,2.693606261,150.8855103,false
311,256,257,2.693606261,3.297875594,184.7343649,false
312,301,302,2.693606261,3.297875594,184.7343649,false
313,346,347,2.693606261,3.297875594,184.7343649,false
314,257,258,3.297875594,4.037703502,226.1766918,false
315,302,303,3.297875594,4.037703502,226.1766918,false
316,347,348,3.297875594,4.037703502,226.1766918,false
317,258,259,4.037703502,4.943500475,276.9159705,false
318,303,304,4.037703502,4.943500475,276.9159705,false
319,348,349,4.037703502,4.943500475,276.9159705,false
320,259,260,4.943500475,6.052499135,339.0378296,false
321,304,305,4.943500475,6.052499135,339.0378296,false
322,349,350,4.943500475,6.052499135,339.0378296,false
323,260,261,6.052499135,7.410284668,415.0957768,false
324,305,306,6.052499135,7.410284668,415.0957768,false
325,350,351,6.052499135,7.410284668,415.0957768,false
326,261,262,7.410284668,9.072668601,508.2161603,false
327,306,307,7.410284668,9.072668601,508.2161603,false
328,351,352,7.410284668,9.072668601,508.2161603,false
329,262,263,9.072668601,11.10798292,622.2266764,false
330,307,308,9.072668601,11.10798292,622.2266764,false
331,352,353,9.072668601,11.10798292,622.2266764,false
332,263,264,11.10798292,13.59988886,761.8137066,false
333,308,309,11.10798292,13.59988886,761.8137066,false
334,353,354,11.10798292,13.59988886,761.8137066,false
335,264,265,13.59988886,16.65081574,932.7149503,false
336,309,310,13.59988886,16.65081574,932.7149503,false
337,354,355,13.59988886,16.65081574,932.7149503,false
338,265,266,16.65081574,20.38617137,1141.955272,false
339,310,311,16.65081574,20.38617137,1141.955272,false
340,355,356,16.65081574,20.38617137,1141.955272,false
341,266,267,20.38617137,24.95949686,1398.135457,false
342,311,312,20.38617137,24.95949686,1398.135457,false
343,356,357,20.38617137,24.95949686,1398.135457,false
344,267,268,24.95949686,30.55877791,1711.785745,false
345,312,313,24.95949686,30.55877791,1711.785745,false
346,357,358,24.95949686,30.55877791,1711.785745,false
347,268,269,30.55877791,37.41417196,2095.798673,false
348,313,314,30.55877791,37.41417196,2095.798673,false
349,358,359,30.55877791,37.41417196,2095.798673,false
350,269,270,37.41417196,45.80746873,2565.959025,false
351,314,315,37.41417196,45.80746873,2565.959025,false
352,359,360,37.41417196,45.80746873,2565.959025,false
353,361,362,0.006241261,0.007774932,0.39760024,false
354,406,407,0.006241261,0.007774932,0.39760024,false
355,362,363,0.007774932,0.009685474,0.495302921,false
356,407,408,0.007774932,0.009685474,0.495302921,false
357,363,364,0.009685474,0.012065494,0.617014173,false
358,408,409,0.009685474,0.012065494,0.617014173,false
359,364,365,0.012065494,0.015030359,0.768633645,false
360,409,410,0.012065494,0.015030359,0.768633645,false
361,365,366,0.015030359,0.017093469,0.957510713,false
362,410,411,0.015030359,0.017093469,0.957510713,false
363,366,367,0.017093469,0.020928128,1.172313584,false
364,411,412,0.017093469,0.020928128,1.172313584,false
365,367,368,0.020928128,0.025623033,1.435304192,false
366,412,413,0.020928128,0.025623033,1.435304192,false
367,368,369,0.025623033,0.031371168,1.757292716,false
368,413,414,0.025623033,0.031371168,1.757292716,false
369,369,370,0.031371168,0.038408809,2.151514438,false
370,414,415,0.031371168,0.038408809,2.151514438,false
371,370,371,0.038408809,0.047025237,2.634173767,false
372,415,416,0.038408809,0.047025237,2.634173767,false
373,371,372,0.047025237,0.05757463,3.22511033,false
374,416,417,0.047025237,0.05757463,3.22511033,false
375,372,373,0.05757463,0.070490617,3.948614464,false
376,417,418,0.05757463,0.070490617,3.948614464,false
377,373,374,0.070490617,0.086304107,4.834425676,false
378,418,419,0.070490617,0.086304107,4.834425676,false
379,374,375,0.086304107,0.105665113,5.918955074,false
380,419,420,0.086304107,0.105665113,5.918955074,false
381,375,376,0.105665113,0.129369463,7.246782041,false
382,420,421,0.105665113,0.129369463,7.246782041,false
383,376,377,0.129369463,0.158391522,8.872486662,false
384,421,422,0.129369463,0.158391522,8.872486662,false
385,377,378,0.158391522,0.193924235,10.86289323,false
386,422,423,0.158391522,0.193924235,10.86289323,false
387,378,379,0.193924235,0.237428169,13.29981704,false
388,423,424,0.193924235,0.237428169,13.29981704,false
389,379,380,0.237428169,0.290691544,16.28342741,false
390,424,425,0.237428169,0.290691544,16.28342741,false
391,380,381,0.290691544,0.355903743,19.93636509,false
392,425,426,0.290691544,0.355903743,19.93636509,false
393,381,382,0.355903743,0.435745299,24.40878343,false
394,426,427,0.355903743,0.435745299,24.40878343,false
395,382,383,0.435745299,0.533498087,29.88452036,false
396,427,428,0.435745299,0.533498087,29.88452036,false
397,383,384,0.533498087,0.653180217,36.58865504,false
398,428,429,0.533498087,0.653180217,36.58865504,false
399,384,385,0.653180217,0.7997112,44.79675972,false
400,429,430,0.653180217,0.7997112,44.79675972,false
401,385,386,0.7997112,0.979114166,54.84622704,false
402,430,431,0.7997112,0.979114166,54.84622704,false
403,386,387,0.979114166,1.198763441,67.15013853,false
404,431,432,0.979114166,1.198763441,67.15013853,false
405,387,388,1.198763441,1.467687669,82.21424421,false
406,432,433,1.198763441,1.467687669,82.21424421,false
407,388,389,1.467687669,1.796940932,100.6577514,false
408,433,434,1.467687669,1.796940932,100.6577514,false
409,389,390,1.796940932,2.200057123,123.2387771,false
410,434,435,1.796940932,2.200057123,123.2387771,false
411,390,391,2.200057123,2.693606261,150.8855103,false
412,435,436,2.200057123,2.693606261,150.8855103,false
413,391,392,2.693606261,3.297875594,184.7343649,false
414,436,437,2.693606261,3.297875594,184.7343649,false
415,392,393,3.297875594,4.037703502,226.1766918,false
416,437,438,3.297875594,4.037703502,226.1766918,false
417,393,394,4.037703502,4.943500475,276.9159705,false
418,438,439,4.037703502,4.943500475,276.9159705,false
419,394,395,4.943500475,6.052499135,339.0378296,false
420,439,440,4.943500475,6.052499135,339.0378296,false
421,395,396,6.052499135,7.410284668,415.0957768,false
422,440,441,6.052499135,7.410284668,415.0957768,false
423,396,397,7.410284668,9.072668601,508.2161603,false
424,441,442,7.410284668,9.072668601,508.2161603,false
425,397,398,9.072668601,11.10798292,622.2266764,false
426,442,443,9.072668601,11.10798292,622.2266764,false
427,398,399,11.10798292,13.59988886,761.8137066,false
428,443,444,11.10798292,13.59988886,761.8137066,false
429,399,400,13.59988886,16.65081574,932.7149503,false
430,444,445,13.59988886,16.65081574,932.7149503,false
431,400,401,16.65081574,20.38617137,1141.955272,false
432,445,446,16.65081574,20.38617137,1141.955272,false
433,401,402,20.38617137,24.95949686,1398.135457,false
434,446,447,20.38617137,24.95949686,1398.135457,false
435,402,403,24.95949686,30.55877791,1711.785745,false
436,447,448,24.95949686,30.55877791,1711.785745,false
437,403,404,30.55877791,37.41417196,2095.798673,false
438,448,449,30.55877791,37.41417196,2095.798673,false
439,404,405,37.41417196,45.80746873,2565.959025,false
440,449,450,37.41417196,45.80746873,2565.959025,false
441,451,452,0.006241261,0.007774932,0.39760024,false
442,496,497,0.006241261,0.007774932,0.39760024,false
443,541,542,0.006241261,0.007774932,0.39760024,false
444,586,587,0.006241261,0.007774932,0.39760024,false
445,631,632,0.006241261,0.007774932,0.39760024,false
446,452,453,0.007774932,0.009685474,0.495302921,false
447,497,498,0.007774932,0.009685474,0.495302921,false
448,542,543,0.007774932,0.009685474,0.495302921,false
449,587,588,0.007774932,0.009685474,0.495302921,false
450,632,633,0.007774932,0.009685474,0.495302921,false
451,453,454,0.009685474,0.012065494,0.617014173,false
452,498,499,0.009685474,0.012065494,0.617014173,false
453,543,544,0.009685474,0.012065494,0.617014173,false
454,588,589,0.009685474,0.012065494,0.617014173,false
455,633,634,0.009685474,0.012065494,0.617014173,false
456,454,455,0.012065494,0.015030359,0.768633645,false
457,499,500,0.012065494,0.015030359,0.768633645,false
458,544,545,0.012065494,0.015030359,0.768633645,false
459,589,590,0.012065494,0.015030359,0.768633645,false
460,634,635,0.012065494,0.015030359,0.768633645,false
461,455,456,0.015030359,0.017093469,0.957510713,false
462,500,501,0.015030359,0.017093469,0.957510713,false
463,545,546,0.015030359,0.017093469,0.957510713,false
464,590,591,0.015030359,0.017093469,0.957510713,false
465,635,636,0.015030359,0.017093469,0.957510713,false
466,456,457,0.017093469,0.020928128,1.172313584,false
467,501,502,0.017093469,0.020928128,1.172313584,false
468,546,547,0.017093469,0.020928128,1.172313584,false
469,591,592,0.017093469,0.020928128,1.172313584,false
470,636,637,0.017093469,0.020928128,1.172313584,false
471,457,458,0.020928128,0.025623033,1.435304192,false
472,502,503,0.020928128,0.025623033,1.435304192,false
473,547,548,0.020928128,0.025623033,1.435304192,false
474,592,593,0.020928128,0.025623033,1.435304192,false
475,637,638,0.020928128,0.025623033,1.435304192,false
476,458,459,0.025623033,0.031371168,1.757292716,false
477,503,504,0.025623033,0.031371168,1.757292716,false
478,548,549,0.025623033,0.031371168,1.757292716,false
479,593,594,0.025623033,0.031371168,1.757292716,false
480,638,639,0.025623033,0.031371168,1.757292716,false
481,459,460,0.031371168,0.038408809,2.151514438,false
482,504,505,0.031371168,0.038408809,2.151514438,false
483,549,550,0.031371168,0.038408809,2.151514438,false
484,594,595,0.031371168,0.038408809,2.151514438,false
485,639,640,0.031371168,0.038408809,2.151514438,false
486,460,461,0.038408809,0.047025237,2.634173767,false
487,505,506,0.038408809,0.047025237,2.634173767,false
488,550,551,0.038408809,0.047025237,2.634173767,false
489,595,596,0.038408809,0.047025237,2.634173767,false
490,640,641,0.038408809,0.047025237,2.634173767,false
491,461,462,0.047025237,0.05757463,3.22511033,false
492,506,507,0.047025237,0.05757463,3.22511033,false
493,551,552,0.047025237,0.05757463,3.22511033,false
494,596,597,0.047025237,0.05757463,3.22511033,false
495,641,642,0.047025237,0.05757463,3.22511033,false
496,462,463,0.05757463,0.070490617,3.948614464,false
497,507,508,0.05757463,0.070490617,3.948614464,false
498,552,553,0.05757463,0.070490617,3.948614464,false
499,597,598,0.05757463,0.070490617,3.948614464,false
500,642,643,0.05757463,0.070490617,3.948614464,false
501,463,464,0.070490617,0.086304107,4.834425676,false
502,508,509,0.070490617,0.086304107,4.834425676,false
503,553,554,0.070490617,0.086304107,4.834425676,false
504,598,599,0.070490617,0.086304107,4.834425676,false
505,643,644,0.070490617,0.086304107,4.834425676,false
506,464,465,0.086304107,0.105665113,5.918955074,false
507,509,510,0.086304107,0.105665113,5.918955074,false
508,554,555,0.086304107,0.105665113,5.918955074,false
509,599,600,0.086304107,0.105665113,5.918955074,false
510,644,645,0.086304107,0.105665113,5.918955074,false
511,465,466,0.105665113,0.129369463,7.246782041,false
512,510,511,0.105665113,0.129369463,7.246782041,false
513,555,556,0.105665113,0.129369463,7.246782041,false
514,600,601,0.105665113,0.129369463,7.246782041,false
515,645,646,0.105665113,0.129369463,7.246782041,false
516,466,467,0.129369463,0.158391522,8.872486662,false
517,511,512,0.129369463,0.158391522,8.872486662,false
518,556,557,0.129369463,0.158391522,8.872486662,false
519,601,602,0.129369463,0.158391522,8.872486662,false
520,646,647,0.129369463,0.158391522,8.872486662,false
521,467,468,0.158391522,0.193924235,10.86289323,false
522,512,513,0.158391522,0.193924235,10.86289323,false
523,557,558,0.158391522,0.193924235,10.86289323,false
524,602,603,0.158391522,0.193924235,10.86289323,false
525,647,648,0.158391522,0.193924235,10.86289323,false
526,468,469,0.193924235,0.237428169,13.29981704,false
527,513,514,0.193924235,0.237428169,13.29981704,false
528,558,559,0.193924235,0.237428169,13.29981704,false
529,603,604,0.193924235,0.237428169,13.29981704,false
530,648,649,0.193924235,0.237428169,13.29981704,false
531,469,470,0.237428169,0.290691544,16.28342741,false
532,514,515,0.237428169,0.290691544,16.28342741,false
533,559,560,0.237428169,0.290691544,16.28342741,false
534,604,605,0.237428169,0.290691544,16.28342741,false
535,649,650,0.237428169,0.290691544,16.28342741,false
536,470,471,0.290691544,0.355903743,19.93636509,false
537,515,516,0.290691544,0.355903743,19.93636509,false
538,560,561,0.290691544,0.355903743,19.93636509,false
539,605,606,0.290691544,0.355903743,19.93636509,false
540,650,651,0.290691544,0.355903743,19.93636509,false
541,471,472,0.355903743,0.435745299,24.40878343,false
542,516,517,0.355903743,0.435745299,24.40878343,false
543,561,562,0.355903743,0.435745299,24.40878343,false
544,606,607,0.355903743,0.435745299,24.40878343,false
545,651,652,0.355903743,0.435745299,24.40878343,false
546,472,473,0.435745299,0.533498087,29.88452036,false
547,517,518,0.435745299,0.533498087,29.88452036,false
548,562,563,0.435745299,0.533498087,29.88452036,false
549,607,608,0.435745299,0.533498087,29.88452036,false
550,652,653,0.435745299,0.533498087,29.88452036,false
551,473,474,0.533498087,0.653180217,36.58865504,false
552,518,519,0.533498087,0.653180217,36.58865504,false
553,563,564,0.533498087,0.653180217,36.58865504,false
554,608,609,0.533498087,0.653180217,36.58865504,false
555,653,654,0.533498087,0.653180217,36.58865504,false
556,474,475,0.653180217,0.7997112,44.79675972,false
557,519,520,0.653180217,0.7997112,44.79675972,false
558,564,565,0.653180217,0.7997112,44.79675972,false
559,609,610,0.653180217,0.7997112,44.79675972,false
560,654,655,0.653180217,0.7997112,44.79675972,false
561,475,476,0.7997112,0.979114166,54.84622704,false
562,520,521,0.7997112,0.979114166,54.84622704,false
563,565,566,0.7997112,0.979114166,54.84622704,false
564,610,611,0.7997112,0.979114166,54.84622704,false
565,655,656,0.7997112,0.979114166,54.84622704,false
566,476,477,0.979114166,1.198763441,67.15013853,false
567,521,522,0.979114166,1.198763441,67.15013853,false
568,566,567,0.979114166,1.198763441,67.15013853,false
569,611,612,0.979114166,1.198763441,67.15013853,false
570,656,657,0.979114166,1.198763441,67.15013853,false
571,477,478,1.198763441,1.467687669,82.21424421,false
572,522,523,1.198763441,1.467687669,82.21424421,false
573,567,568,1.198763441,1.467687669,82.21424421,false
574,612,613,1.198763441,1.467687669,82.21424421,false
575,657,658,1.198763441,1.467687669,82.21424421,false
576,478,479,1.467687669,1.796940932,100.6577514,false
577,523,524,1.467687669,1.796940932,100.6577514,false
578,568,569,1.467687669,1.796940932,100.6577514,false
579,613,614,1.467687669,1.796940932,100.6577514,false
580,658,659,1.467687669,1.796940932,100.6577514,false
581,479,480,1.796940932,2.200057123,123.2387771,false
582,524,525,1.796940932,2.200057123,123.2387771,false
583,569,570,1.796940932,2.200057123,123.2387771,false
584,614,615,1.796940932,2.200057123,123.2387771,false
585,659,660,1.796940932,2.200057123,123.2387771,false
586,480,481,2.200057123,2.693606261,150.8855103,false
587,525,526,2.200057123,2.693606261,150.8855103,false
588,570,571,2.200057123,2.693606261,150.8855103,false
589,615,616,2.200057123,2.693606261,150.8855103,false
590,660,661,2.200057123,2.693606261,150.8855103,false
591,481,482,2.693606261,3.297875594,184.7343649,false
592,526,527,2.693606261,3.297875594,184.7343649,false
593,571,572,2.693606261,3.297875594,184.7343649,false
594,616,617,2.693606261,3.297875594,184.7343649,false
595,661,662,2.693606261,3.297875594,184.7343649,false
596,482,483,3.297875594,4.037703502,226.1766918,false
597,527,528,3.297875594,4.037703502,226.1766918,false
598,572,573,3.297875594,4.037703502,226.1766918,false
599,617,618,3.297875594,4.037703502,226.1766918,false
600,662,663,3.297875594,4.037703502,226.1766918,false
601,483,484,4.037703502,4.943500475,276.9159705,false
602,528,529,4.037703502,4.943500475,276.9159705,false
603,573,574,4.037703502,4.943500475,276.9159705,false
604,618,619,4.037703502,4.943500475,276.9159705,false
605,663,664,4.037703502,4.943500475,276.9159705,false
606,484,485,4.943500475,6.052499135,339.0378296,false
607,529,530,4.943500475,6.052499135,339.0378296,false
608,574,575,4.943500475,6.052499135,339.0378296,false
609,619,620,4.943500475,6.052499135,339.0378296,false
610,664,665,4.943500475,6.052499135,339.0378296,false
611,485,486,6.052499135,7.410284668,415.0957768,false
612,530,531,6.052499135,7.410284668,415.0957768,false
613,575,576,6.052499135,7.410284668,415.0957768,false
614,620,621,6.052499135,7.410284668,415.0957768,false
615,665,666,6.052499135,7.410284668,415.0957768,false
616,486,487,7.410284668,9.072668601,508.2161603,false
617,531,532,7.410284668,9.072668601,508.2161603,false
618,576,577,7.410284668,9.072668601,508.2161603,false
619,621,622,7.410284668,9.072668601,508.2161603,false
620,666,667,7.410284668,9.072668601,508.2161603,false
621,487,488,9.072668601,11.10798292,622.2266764,false
622,532,533,9.072668601,11.10798292,622.2266764,false
623,577,578,9.072668601,11.10798292,622.2266764,false
624,622,623,9.072668601,11.10798292,622.2266764,false
625,667,668,9.072668601,11.10798292,622.2266764,false
626,488,489,11.10798292,13.59988886,761.8137066,false
627,533,534,11.10798292,13.59988886,761.8137066,false
628,578,579,11.10798292,13.59988886,761.8137066,false
629,623,624,11.10798292,13.59988886,761.8137066,false
630,668,669,11.10798292,13.59988886,761.8137066,false
631,489,490,13.59988886,16.65081574,932.7149503,false
632,534,535,13.59988886,16.65081574,932.7149503,false
633,579,580,13.59988886,16.65081574,932.7149503,false
634,624,625,13.59988886,16.65081574,932.7149503,false
635,669,670,13.59988886,16.65081574,932.7149503,false
636,490,491,16.65081574,20.38617137,1141.955272,false
637,535,536,16.65081574,20.38617137,1141.955272,false
638,580,581,16.65081574,20.38617137,1141.955272,false
639,625,626,16.65081574,20.38617137,1141.955272,false
640,670,671,16.65081574,20.38617137,1141.955272,false
641,491,492,20.38617137,24.95949686,1398.135457,false
642,536,537,20.38617137,24.95949686,1398.135457,false
643,581,582,20.38617137,24.95949686,1398.135457,false
644,626,627,20.38617137,24.95949686,1398.135457,false
645,671,672,20.38617137,24.95949686,1398.135457,false
646,492,493,24.95949686,30.55877791,1711.785745,false
647,537,538,24.95949686,30.55877791,1711.785745,false
648,582,583,24.95949686,30.55877791,1711.785745,false
649,627,628,24.95949686,30.55877791,1711.785745,false
650,672,673,24.95949686,30.55877791,1711.785745,false
651,493,494,30.55877791,37.41417196,2095.798673,false
652,538,539,30.55877791,37.41417196,2095.798673,false
653,583,584,30.55877791,37.41417196,2095.798673,false
654,628,629,30.55877791,37.41417196,2095.798673,false
655,673,674,30.55877791,37.41417196,2095.798673,false
656,494,495,37.41417196,45.80746873,2565.959025,false
657,539,540,37.41417196,45.80746873,2565.959025,false
658,584,585,37.41417196,45.80746873,2565.959025,false
659,629,630,37.41417196,45.80746873,2565.959025,false
660,674,675,37.41417196,45.80746873,2565.959025,false
661,1,46,0.5,0.5,0.004473552,true
662,46,91,0.5,0.5,0.004473552,true
663,91,136,0.5,0.5,0.004473552,true
664,136,181,0.5,0.5,0.004473552,true
665,181,226,0.5,0.5,0.004473552,true
666,226,271,0.5,0.5,0.004473552,true
667,271,316,0.5,0.5,0.004473552,true
668,316,361,0.5,0.5,0.004473552,true
669,2,47,0.5,0.5,0.006942262,true
670,47,92,0.5,0.5,0.006942262,true
671,92,137,0.5,0.5,0.006942262,true
672,137,182,0.5,0.5,0.006942262,true
673,182,227,0.5,0.5,0.006942262,true
674,227,272,0.5,0.5,0.006942262,true
675,272,317,0.5,0.5,0.006942262,true
676,317,362,0.5,0.5,0.006942262,true
677,3,48,0.5,0.5,0.010773318,true
678,48,93,0.5,0.5,0.010773318,true
679,93,138,0.5,0.5,0.010773318,true
680,138,183,0.5,0.5,0.010773318,true
681,183,228,0.5,0.5,0.010773318,true
682,228,273,0.5,0.5,0.010773318,true
683,273,318,0.5,0.5,0.010773318,true
684,318,363,0.5,0.5,0.010773318,true
685,4,49,0.5,0.5,0.016718526,true
686,49,94,0.5,0.5,0.016718526,true
687,94,139,0.5,0.5,0.016718526,true
688,139,184,0.5,0.5,0.016718526,true
689,184,229,0.5,0.5,0.016718526,true
690,229,274,0.5,0.5,0.016718526,true
691,274,319,0.5,0.5,0.016718526,true
692,319,364,0.5,0.5,0.016718526,true
693,5,50,0.5,0.5,0.02594457,true
694,50,95,0.5,0.5,0.02594457,true
695,95,140,0.5,0.5,0.02594457,true
696,140,185,0.5,0.5,0.02594457,true
697,185,230,0.5,0.5,0.02594457,true
698,230,275,0.5,0.5,0.02594457,true
699,275,320,0.5,0.5,0.02594457,true
700,320,365,0.5,0.5,0.02594457,true
701,6,51,0.5,0.5,0.036406086,true
702,51,96,0.5,0.5,0.036406086,true
703,96,141,0.5,0.5,0.036406086,true
704,141,186,0.5,0.5,0.036406086,true
705,186,231,0.5,0.5,0.036406086,true
706,231,276,0.5,0.5,0.036406086,true
707,276,321,0.5,0.5,0.036406086,true
708,321,366,0.5,0.5,0.036406086,true
709,7,52,0.5,0.5,0.054572558,true
710,52,97,0.5,0.5,0.054572558,true
711,97,142,0.5,0.5,0.054572558,true
712,142,187,0.5,0.5,0.054572558,true
713,187,232,0.5,0.5,0.054572558,true
714,232,277,0.5,0.5,0.054572558,true
715,277,322,0.5,0.5,0.054572558,true
716,322,367,0.5,0.5,0.054572558,true
717,8,53,0.5,0.5,0.081804015,true
718,53,98,0.5,0.5,0.081804015,true
719,98,143,0.5,0.5,0.081804015,true
720,143,188,0.5,0.5,0.081804015,true
721,188,233,0.5,0.5,0.081804015,true
722,233,278,0.5,0.5,0.081804015,true
723,278,323,0.5,0.5,0.081804015,true
724,323,368,0.5,0.5,0.081804015,true
725,9,54,0.5,0.5,0.122623845,true
726,54,99,0.5,0.5,0.122623845,true
727,99,144,0.5,0.5,0.122623845,true
728,144,189,0.5,0.5,0.122623845,true
729,189,234,0.5,0.5,0.122623845,true
730,234,279,0.5,0.5,0.122623845,true
731,279,324,0.5,0.5,0.122623845,true
732,324,369,0.5,0.5,0.122623845,true
733,10,55,0.5,0.5,0.183812585,true
734,55,100,0.5,0.5,0.183812585,true
735,100,145,0.5,0.5,0.183812585,true
736,145,190,0.5,0.5,0.183812585,true
737,190,235,0.5,0.5,0.183812585,true
738,235,280,0.5,0.5,0.183812585,true
739,280,325,0.5,0.5,0.183812585,true
740,325,370,0.5,0.5,0.183812585,true
741,11,56,0.5,0.5,0.275534226,true
742,56,101,0.5,0.5,0.275534226,true
743,101,146,0.5,0.5,0.275534226,true
744,146,191,0.5,0.5,0.275534226,true
745,191,236,0.5,0.5,0.275534226,true
746,236,281,0.5,0.5,0.275534226,true
747,281,326,0.5,0.5,0.275534226,true
748,326,371,0.5,0.5,0.275534226,true
749,12,57,0.5,0.5,0.413024548,true
750,57,102,0.5,0.5,0.413024548,true
751,102,147,0.5,0.5,0.413024548,true
752,147,192,0.5,0.5,0.413024548,true
753,192,237,0.5,0.5,0.413024548,true
754,237,282,0.5,0.5,0.413024548,true
755,282,327,0.5,0.5,0.413024548,true
756,327,372,0.5,0.5,0.413024548,true
757,13,58,0.5,0.5,0.619121914,true
758,58,103,0.5,0.5,0.619121914,true
759,103,148,0.5,0.5,0.619121914,true
760,148,193,0.5,0.5,0.619121914,true
761,193,238,0.5,0.5,0.619121914,true
762,238,283,0.5,0.5,0.619121914,true
763,283,328,0.5,0.5,0.619121914,true
764,328,373,0.5,0.5,0.619121914,true
765,14,59,0.5,0.5,0.928060926,true
766,59,104,0.5,0.5,0.928060926,true
767,104,149,0.5,0.5,0.928060926,true
768,149,194,0.5,0.5,0.928060926,true
769,194,239,0.5,0.5,0.928060926,true
770,239,284,0.5,0.5,0.928060926,true
771,284,329,0.5,0.5,0.928060926,true
772,329,374,0.5,0.5,0.928060926,true
773,15,60,0.5,0.5,1.391159096,true
774,60,105,0.5,0.5,1.391159096,true
775,105,150,0.5,0.5,1.391159096,true
776,150,195,0.5,0.5,1.391159096,true
777,195,240,0.5,0.5,1.391159096,true
778,240,285,0.5,0.5,1.391159096,true
779,285,330,0.5,0.5,1.391159096,true
780,330,375,0.5,0.5,1.391159096,true
781,16,61,0.5,0.5,2.08534114,true
782,61,106,0.5,0.5,2.08534114,true
783,106,151,0.5,0.5,2.08534114,true
784,151,196,0.5,0.5,2.08534114,true
785,196,241,0.5,0.5,2.08534114,true
786,241,286,0.5,0.5,2.08534114,true
787,286,331,0.5,0.5,2.08534114,true
788,331,376,0.5,0.5,2.08534114,true
789,17,62,0.5,0.5,3.125916859,true
790,62,107,0.5,0.5,3.125916859,true
791,107,152,0.5,0.5,3.125916859,true
792,152,197,0.5,0.5,3.125916859,true
793,197,242,0.5,0.5,3.125916859,true
794,242,287,0.5,0.5,3.125916859,true
795,287,332,0.5,0.5,3.125916859,true
796,332,377,0.5,0.5,3.125916859,true
797,18,63,0.5,0.5,4.685735115,true
798,63,108,0.5,0.5,4.685735115,true
799,108,153,0.5,0.5,4.685735115,true
800,153,198,0.5,0.5,4.685735115,true
801,198,243,0.5,0.5,4.685735115,true
802,243,288,0.5,0.5,4.685735115,true
803,288,333,0.5,0.5,4.685735115,true
804,333,378,0.5,0.5,4.685735115,true
805,19,64,0.5,0.5,7.023895569,true
806,64,109,0.5,0.5,7.023895569,true
807,109,154,0.5,0.5,7.023895569,true
808,154,199,0.5,0.5,7.023895569,true
809,199,244,0.5,0.5,7.023895569,true
810,244,289,0.5,0.5,7.023895569,true
811,289,334,0.5,0.5,7.023895569,true
812,334,379,0.5,0.5,7.023895569,true
813,20,65,0.5,0.5,10.52878742,true
814,65,110,0.5,0.5,10.52878742,true
815,110,155,0.5,0.5,10.52878742,true
816,155,200,0.5,0.5,10.52878742,true
817,200,245,0.5,0.5,10.52878742,true
818,245,290,0.5,0.5,10.52878742,true
819,290,335,0.5,0.5,10.52878742,true
820,335,380,0.5,0.5,10.52878742,true
821,21,66,0.5,0.5,15.78260433,true
822,66,111,0.5,0.5,15.78260433,true
823,111,156,0.5,0.5,15.78260433,true
824,156,201,0.5,0.5,15.78260433,true
825,201,246,0.5,0.5,15.78260433,true
826,246,291,0.5,0.5,15.78260433,true
827,291,336,0.5,0.5,15.78260433,true
828,336,381,0.5,0.5,15.78260433,true
829,22,67,0.5,0.5,23.65805192,true
830,67,112,0.5,0.5,23.65805192,true
831,112,157,0.5,0.5,23.65805192,true
832,157,202,0.5,0.5,23.65805192,true
833,202,247,0.5,0.5,23.65805192,true
834,247,292,0.5,0.5,23.65805192,true
835,292,337,0.5,0.5,23.65805192,true
836,337,382,0.5,0.5,23.65805192,true
837,23,68,0.5,0.5,35.46331193,true
838,68,113,0.5,0.5,35.46331193,true
839,113,158,0.5,0.5,35.46331193,true
840,158,203,0.5,0.5,35.46331193,true
841,203,248,0.5,0.5,35.46331193,true
842,248,293,0.5,0.5,35.46331193,true
843,293,338,0.5,0.5,35.46331193,true
844,338,383,0.5,0.5,35.46331193,true
845,24,69,0.5,0.5,53.15934285,true
846,69,114,0.5,0.5,53.15934285,true
847,114,159,0.5,0.5,53.15934285,true
848,159,204,0.5,0.5,53.15934285,true
849,204,249,0.5,0.5,53.15934285,true
850,249,294,0.5,0.5,53.15934285,true
851,294,339,0.5,0.5,53.15934285,true
852,339,384,0.5,0.5,53.15934285,true
853,25,70,0.5,0.5,79.6856125,true
854,70,115,0.5,0.5,79.6856125,true
855,115,160,0.5,0.5,79.6856125,true
856,160,205,0.5,0.5,79.6856125,true
857,205,250,0.5,0.5,79.6856125,true
858,250,295,0.5,0.5,79.6856125,true
859,295,340,0.5,0.5,79.6856125,true
860,340,385,0.5,0.5,79.6856125,true
861,26,71,0.5,0.5,119.4483697,true
862,71,116,0.5,0.5,119.4483697,true
863,116,161,0.5,0.5,119.4483697,true
864,161,206,0.5,0.5,119.4483697,true
865,206,251,0.5,0.5,119.4483697,true
866,251,296,0.5,0.5,119.4483697,true
867,296,341,0.5,0.5,119.4483697,true
868,341,386,0.5,0.5,119.4483697,true
869,27,72,0.5,0.5,179.0525615,true
870,72,117,0.5,0.5,179.0525615,true
871,117,162,0.5,0.5,179.0525615,true
872,162,207,0.5,0.5,179.0525615,true
873,207,252,0.5,0.5,179.0525615,true
874,252,297,0.5,0.5,179.0525615,true
875,297,342,0.5,0.5,179.0525615,true
876,342,387,0.5,0.5,179.0525615,true
877,28,73,0.5,0.5,268.3989731,true
878,73,118,0.5,0.5,268.3989731,true
879,118,163,0.5,0.5,268.3989731,true
880,163,208,0.5,0.5,268.3989731,true
881,208,253,0.5,0.5,268.3989731,true
882,253,298,0.5,0.5,268.3989731,true
883,298,343,0.5,0.5,268.3989731,true
884,343,388,0.5,0.5,268.3989731,true
885,29,74,0.5,0.5,402.3288366,true
886,74,119,0.5,0.5,402.3288366,true
887,119,164,0.5,0.5,402.3288366,true
888,164,209,0.5,0.5,402.3288366,true
889,209,254,0.5,0.5,402.3288366,true
890,254,299,0.5,0.5,402.3288366,true
891,299,344,0.5,0.5,402.3288366,true
892,344,389,0.5,0.5,402.3288366,true
893,30,75,0.5,0.5,603.0890912,true
894,75,120,0.5,0.5,603.0890912,true
895,120,165,0.5,0.5,603.0890912,true
896,165,210,0.5,0.5,603.0890912,true
897,210,255,0.5,0.5,603.0890912,true
898,255,300,0.5,0.5,603.0890912,true
899,300,345,0.5,0.5,603.0890912,true
900,345,390,0.5,0.5,603.0890912,true
901,31,76,0.5,0.5,904.0277973,true
902,76,121,0.5,0.5,904.0277973,true
903,121,166,0.5,0.5,904.0277973,true
904,166,211,0.5,0.5,904.0277973,true
905,211,256,0.5,0.5,904.0277973,true
906,256,301,0.5,0.5,904.0277973,true
907,301,346,0.5,0.5,904.0277973,true
908,346,391,0.5,0.5,904.0277973,true
909,32,77,0.5,0.5,1355.133545,true
910,77,122,0.5,0.5,1355.133545,true
911,122,167,0.5,0.5,1355.133545,true
912,167,212,0.5,0.5,1355.133545,true
913,212,257,0.5,0.5,1355.133545,true
914,257,302,0.5,0.5,1355.133545,true
915,302,347,0.5,0.5,1355.133545,true
916,347,392,0.5,0.5,1355.133545,true
917,33,78,0.5,0.5,2031.339004,true
918,78,123,0.5,0.5,2031.339004,true
919,123,168,0.5,0.5,2031.339004,true
920,168,213,0.5,0.5,2031.339004,true
921,213,258,0.5,0.5,2031.339004,true
922,258,303,0.5,0.5,2031.339004,true
923,303,348,0.5,0.5,2031.339004,true
924,348,393,0.5,0.5,2031.339004,true
925,34,79,0.5,0.5,3044.967903,true
926,79,124,0.5,0.5,3044.967903,true
927,124,169,0.5,0.5,3044.967903,true
928,169,214,0.5,0.5,3044.967903,true
929,214,259,0.5,0.5,3044.967903,true
930,259,304,0.5,0.5,3044.967903,true
931,304,349,0.5,0.5,3044.967903,true
932,349,394,0.5,0.5,3044.967903,true
933,35,80,0.5,0.5,4564.393,true
934,80,125,0.5,0.5,4564.393,true
935,125,170,0.5,0.5,4564.393,true
936,170,215,0.5,0.5,4564.393,true
937,215,260,0.5,0.5,4564.393,true
938,260,305,0.5,0.5,4564.393,true
939,305,350,0.5,0.5,4564.393,true
940,350,395,0.5,0.5,4564.393,true
941,36,81,0.5,0.5,6842.004292,true
942,81,126,0.5,0.5,6842.004292,true
943,126,171,0.5,0.5,6842.004292,true
944,171,216,0.5,0.5,6842.004292,true
945,216,261,0.5,0.5,6842.004292,true
946,261,306,0.5,0.5,6842.004292,true
947,306,351,0.5,0.5,6842.004292,true
948,351,396,0.5,0.5,6842.004292,true
949,37,82,0.5,0.5,10256.13323,true
950,82,127,0.5,0.5,10256.13323,true
951,127,172,0.5,0.5,10256.13323,true
952,172,217,0.5,0.5,10256.13323,true
953,217,262,0.5,0.5,10256.13323,true
954,262,307,0.5,0.5,10256.13323,true
955,307,352,0.5,0.5,10256.13323,true
956,352,397,0.5,0.5,10256.13323,true
957,38,83,0.5,0.5,15373.89694,true
958,83,128,0.5,0.5,15373.89694,true
959,128,173,0.5,0.5,15373.89694,true
960,173,218,0.5,0.5,15373.89694,true
961,218,263,0.5,0.5,15373.89694,true
962,263,308,0.5,0.5,15373.89694,true
963,308,353,0.5,0.5,15373.89694,true
964,353,398,0.5,0.5,15373.89694,true
965,39,84,0.5,0.5,23045.4014,true
966,84,129,0.5,0.5,23045.4014,true
967,129,174,0.5,0.5,23045.4014,true
968,174,219,0.5,0.5,23045.4014,true
969,219,264,0.5,0.5,23045.4014,true
970,264,309,0.5,0.5,23045.4014,true
971,309,354,0.5,0.5,23045.4014,true
972,354,399,0.5,0.5,23045.4014,true
973,40,85,0.5,0.5,34544.95159,true
974,85,130,0.5,0.5,34544.95159,true
975,130,175,0.5,0.5,34544.95159,true
976,175,220,0.5,0.5,34544.95159,true
977,220,265,0.5,0.5,34544.95159,true
978,265,310,0.5,0.5,34544.95159,true
979,310,355,0.5,0.5,34544.95159,true
980,355,400,0.5,0.5,34544.95159,true
981,41,86,0.5,0.5,51782.7249,true
982,86,131,0.5,0.5,51782.7249,true
983,131,176,0.5,0.5,51782.7249,true
984,176,221,0.5,0.5,51782.7249,true
985,221,266,0.5,0.5,51782.7249,true
986,266,311,0.5,0.5,51782.7249,true
987,311,356,0.5,0.5,51782.7249,true
988,356,401,0.5,0.5,51782.7249,true
989,42,87,0.5,0.5,77622.06846,true
990,87,132,0.5,0.5,77622.06846,true
991,132,177,0.5,0.5,77622.06846,true
992,177,222,0.5,0.5,77622.06846,true
993,222,267,0.5,0.5,77622.06846,true
994,267,312,0.5,0.5,77622.06846,true
995,312,357,0.5,0.5,77622.06846,true
996,357,402,0.5,0.5,77622.06846,true
997,43,88,0.5,0.5,116355.1266,true
998,88,133,0.5,0.5,116355.1266,true
999,133,178,0.5,0.5,116355.1266,true
1000,178,223,0.5,0.5,116355.1266,true
1001,223,268,0.5,0.5,116355.1266,true
1002,268,313,0.5,0.5,116355.1266,true
1003,313,358,0.5,0.5,116355.1266,true
1004,358,403,0.5,0.5,116355.1266,true
1005,44,89,0.5,0.5,174415.8042,true
1006,89,134,0.5,0.5,174415.8042,true
1007,134,179,0.5,0.5,174415.8042,true
1008,179,224,0.5,0.5,174415.8042,true
1009,224,269,0.5,0.5,174415.8042,true
1010,269,314,0.5,0.5,174415.8042,true
1011,314,359,0.5,0.5,174415.8042,true
1012,359,404,0.5,0.5,174415.8042,true
1013,45,90,0.5,0.5,261448.495,true
1014,90,135,0.5,0.5,261448.495,true
1015,135,180,0.5,0.5,261448.495,true
1016,180,225,0.5,0.5,261448.495,true
1017,225,270,0.5,0.5,261448.495,true
1018,270,315,0.5,0.5,261448.495,true
1019,315,360,0.5,0.5,261448.495,true
1020,360,405,0.5,0.5,261448.495,true
1021,226,271,0.5,0.5,0.004473552,true
1022,271,316,0.5,0.5,0.004473552,true
1023,316,361,0.5,0.5,0.004473552,true
1024,361,406,0.5,0.5,0.004473552,true
1025,227,272,0.5,0.5,0.006942262,true
1026,272,317,0.5,0.5,0.006942262,true
1027,317,362,0.5,0.5,0.006942262,true
1028,362,407,0.5,0.5,0.006942262,true
1029,228,273,0.5,0.5,0.010773318,true
1030,273,318,0.5,0.5,0.010773318,true
1031,318,363,0.5,0.5,0.010773318,true
1032,363,408,0.5,0.5,0.010773318,true
1033,229,274,0.5,0.5,0.016718526,true
1034,274,319,0.5,0.5,0.016718526,true
1035,319,364,0.5,0.5,0.016718526,true
1036,364,409,0.5,0.5,0.016718526,true
1037,230,275,0.5,0.5,0.02594457,true
1038,275,320,0.5,0.5,0.02594457,true
1039,320,365,0.5,0.5,0.02594457,true
1040,365,410,0.5,0.5,0.02594457,true
1041,231,276,0.5,0.5,0.036406086,true
1042,276,321,0.5,0.5,0.036406086,true
1043,321,366,0.5,0.5,0.036406086,true
1044,366,411,0.5,0.5,0.036406086,true
1045,232,277,0.5,0.5,0.054572558,true
1046,277,322,0.5,0.5,0.054572558,true
1047,322,367,0.5,0.5,0.054572558,true
1048,367,412,0.5,0.5,0.054572558,true
1049,233,278,0.5,0.5,0.081804015,true
1050,278,323,0.5,0.5,0.081804015,true
1051,323,368,0.5,0.5,0.081804015,true
1052,368,413,0.5,0.5,0.081804015,true
1053,234,279,0.5,0.5,0.122623845,true
1054,279,324,0.5,0.5,0.122623845,true
1055,324,369,0.5,0.5,0.122623845,true
1056,369,414,0.5,0.5,0.122623845,true
1057,235,280,0.5,0.5,0.183812585,true
1058,280,325,0.5,0.5,0.183812585,true
1059,325,370,0.5,0.5,0.183812585,true
1060,370,415,0.5,0.5,0.183812585,true
1061,236,281,0.5,0.5,0.275534226,true
1062,281,326,0.5,0.5,0.275534226,true
1063,326,371,0.5,0.5,0.275534226,true
1064,371,416,0.5,0.5,0.275534226,true
1065,237,282,0.5,0.5,0.413024548,true
1066,282,327,0.5,0.5,0.413024548,true
1067,327,372,0.5,0.5,0.413024548,true
1068,372,417,0.5,0.5,0.413024548,true
1069,238,283,0.5,0.5,0.619121914,true
1070,283,328,0.5,0.5,0.619121914,true
1071,328,373,0.5,0.5,0.619121914,true
1072,373,418,0.5,0.5,0.619121914,true
1073,239,284,0.5,0.5,0.928060926,true
1074,284,329,0.5,0.5,0.928060926,true
1075,329,374,0.5,0.5,0.928060926,true
1076,374,419,0.5,0.5,0.928060926,true
1077,240,285,0.5,0.5,1.391159096,true
1078,285,330,0.5,0.5,1.391159096,true
1079,330,375,0.5,0.5,1.391159096,true
1080,375,420,0.5,0.5,1.391159096,true
1081,241,286,0.5,0.5,2.08534114,true
1082,286,331,0.5,0.5,2.08534114,true
1083,331,376,0.5,0.5,2.08534114,true
1084,376,421,0.5,0.5,2.08534114,true
1085,242,287,0.5,0.5,3.125916859,true
1086,287,332,0.5,0.5,3.125916859,true
1087,332,377,0.5,0.5,3.125916859,true
1088,377,422,0.5,0.5,3.125916859,true
1089,243,288,0.5,0.5,4.685735115,true
1090,288,333,0.5,0.5,4.685735115,true
1091,333,378,0.5,0.5,4.685735115,true
1092,378,423,0.5,0.5,4.685735115,true
1093,244,289,0.5,0.5,7.023895569,true
1094,289,334,0.5,0.5,7.023895569,true
1095,334,379,0.5,0.5,7.023895569,true
1096,379,424,0.5,0.5,7.023895569,true
1097,245,290,0.5,0.5,10.52878742,true
1098,290,335,0.5,0.5,10.52878742,true
1099,335,380,0.5,0.5,10.52878742,true
1100,380,425,0.5,0.5,10.52878742,true
1101,246,291,0.5,0.5,15.78260433,true
1102,291,336,0.5,0.5,15.78260433,true
1103,336,381,0.5,0.5,15.78260433,true
1104,381,426,0.5,0.5,15.78260433,true
1105,247,292,0.5,0.5,23.65805192,true
1106,292,337,0.5,0.5,23.65805192,true
1107,337,382,0.5,0.5,23.65805192,true
1108,382,427,0.5,0.5,23.65805192,true
1109,248,293,0.5,0.5,35.46331193,true
1110,293,338,0.5,0.5,35.46331193,true
1111,338,383,0.5,0.5,35.46331193,true
1112,383,428,0.5,0.5,35.46331193,true
1113,249,294,0.5,0.5,53.15934285,true
1114,294,339,0.5,0.5,53.15934285,true
1115,339,384,0.5,0.5,53.15934285,true
1116,384,429,0.5,0.5,53.15934285,true
1117,250,295,0.5,0.5,79.6856125,true
1118,295,340,0.5,0.5,79.6856125,true
1119,340,385,0.5,0.5,79.6856125,true
1120,385,430,0.5,0.5,79.6856125,true
1121,251,296,0.5,0.5,119.4483697,true
1122,296,341,0.5,0.5,119.4483697,true
1123,341,386,0.5,0.5,119.4483697,true
1124,386,431,0.5,0.5,119.4483697,true
1125,252,297,0.5,0.5,179.0525615,true
1126,297,342,0.5,0.5,179.0525615,true
1127,342,387,0.5,0.5,179.0525615,true
1128,387,432,0.5,0.5,179.0525615,true
1129,253,298,0.5,0.5,268.3989731,true
1130,298,343,0.5,0.5,268.3989731,true
1131,343,388,0.5,0.5,268.3989731,true
1132,388,433,0.5,0.5,268.3989731,true
1133,254,299,0.5,0.5,402.3288366,true
1134,299,344,0.5,0.5,402.3288366,true
1135,344,389,0.5,0.5,402.3288366,true
1136,389,434,0.5,0.5,402.3288366,true
1137,255,300,0.5,0.5,603.0890912,true
1138,300,345,0.5,0.5,603.0890912,true
1139,345,390,0.5,0.5,603.0890912,true
1140,390,435,0.5,0.5,603.0890912,true
1141,256,301,0.5,0.5,904.0277973,true
1142,301,346,0.5,0.5,904.0277973,true
1143,346,391,0.5,0.5,904.0277973,true
1144,391,436,0.5,0.5,904.0277973,true
1145,257,302,0.5,0.5,1355.133545,true
1146,302,347,0.5,0.5,1355.133545,true
1147,347,392,0.5,0.5,1355.133545,true
1148,392,437,0.5,0.5,1355.133545,true
1149,258,303,0.5,0.5,2031.339004,true
1150,303,348,0.5,0.5,2031.339004,true
1151,348,393,0.5,0.5,2031.339004,true
1152,393,438,0.5,0.5,2031.339004,true
1153,259,304,0.5,0.5,3044.967903,true
1154,304,349,0.5,0.5,3044.967903,true
1155,349,394,0.5,0.5,3044.967903,true
1156,394,439,0.5,0.5,3044.967903,true
1157,260,305,0.5,0.5,4564.393,true
1158,305,350,0.5,0.5,4564.393,true
1159,350,395,0.5,0.5,4564.393,true
1160,395,440,0.5,0.5,4564.393,true
1161,261,306,0.5,0.5,6842.004292,true
1162,306,351,0.5,0.5,6842.004292,true
1163,351,396,0.5,0.5,6842.004292,true
1164,396,441,0.5,0.5,6842.004292,true
1165,262,307,0.5,0.5,10256.13323,true
1166,307,352,0.5,0.5,10256.13323,true
1167,352,397,0.5,0.5,10256.13323,true
1168,397,442,0.5,0.5,10256.13323,true
1169,263,308,0.5,0.5,15373.89694,true
1170,308,353,0.5,0.5,15373.89694,true
1171,353,398,0.5,0.5,15373.89694,true
1172,398,443,0.5,0.5,15373.89694,true
1173,264,309,0.5,0.5,23045.4014,true
1174,309,354,0.5,0.5,23045.4014,true
1175,354,399,0.5,0.5,23045.4014,true
1176,399,444,0.5,0.5,23045.4014,true
1177,265,310,0.5,0.5,34544.95159,true
1178,310,355,0.5,0.5,34544.95159,true
1179,355,400,0.5,0.5,34544.95159,true
1180,400,445,0.5,0.5,34544.95159,true
1181,266,311,0.5,0.5,51782.7249,true
1182,311,356,0.5,0.5,51782.7249,true
1183,356,401,0.5,0.5,51782.7249,true
1184,401,446,0.5,0.5,51782.7249,true
1185,267,312,0.5,0.5,77622.06846,true
1186,312,357,0.5,0.5,77622.06846,true
1187,357,402,0.5,0.5,77622.06846,true
1188,402,447,0.5,0.5,77622.06846,true
1189,268,313,0.5,0.5,116355.1266,true
1190,313,358,0.5,0.5,116355.1266,true
1191,358,403,0.5,0.5,116355.1266,true
1192,403,448,0.5,0.5,116355.1266,true
1193,269,314,0.5,0.5,174415.8042,true
1194,314,359,0.5,0.5,174415.8042,true
1195,359,404,0.5,0.5,174415.8042,true
1196,404,449,0.5,0.5,174415.8042,true
1197,270,315,0.5,0.5,261448.495,true
1198,315,360,0.5,0.5,261448.495,true
1199,360,405,0.5,0.5,261448.495,true
1200,405,450,0.5,0.5,261448.495,true
1201,361,406,0.5,0.5,0.004473552,true
1202,406,451,0.5,0.5,0.004473552,true
1203,362,407,0.5,0.5,0.006942262,true
1204,407,452,0.5,0.5,0.006942262,true
1205,363,408,0.5,0.5,0.010773318,true
1206,408,453,0.5,0.5,0.010773318,true
1207,364,409,0.5,0.5,0.016718526,true
1208,409,454,0.5,0.5,0.016718526,true
1209,365,410,0.5,0.5,0.02594457,true
1210,410,455,0.5,0.5,0.02594457,true
1211,366,411,0.5,0.5,0.036406086,true
1212,411,456,0.5,0.5,0.036406086,true
1213,367,412,0.5,0.5,0.054572558,true
1214,412,457,0.5,0.5,0.054572558,true
1215,368,413,0.5,0.5,0.081804015,true
1216,413,458,0.5,0.5,0.081804015,true
1217,369,414,0.5,0.5,0.122623845,true
1218,414,459,0.5,0.5,0.122623845,true
1219,370,415,0.5,0.5,0.183812585,true
1220,415,460,0.5,0.5,0.183812585,true
1221,371,416,0.5,0.5,0.275534226,true
1222,416,461,0.5,0.5,0.275534226,true
1223,372,417,0.5,0.5,0.413024548,true
1224,417,462,0.5,0.5,0.413024548,true
1225,373,418,0.5,0.5,0.619121914,true
1226,418,463,0.5,0.5,0.619121914,true
1227,374,419,0.5,0.5,0.928060926,true
1228,419,464,0.5,0.5,0.928060926,true
1229,375,420,0.5,0.5,1.391159096,true
1230,420,465,0.5,0.5,1.391159096,true
1231,376,421,0.5,0.5,2.08534114,true
1232,421,466,0.5,0.5,2.08534114,true
1233,377,422,0.5,0.5,3.125916859,true
1234,422,467,0.5,0.5,3.125916859,true
1235,378,423,0.5,0.5,4.685735115,true
1236,423,468,0.5,0.5,4.685735115,true
1237,379,424,0.5,0.5,7.023895569,true
1238,424,469,0.5,0.5,7.023895569,true
1239,380,425,0.5,0.5,10.52878742,true
1240,425,470,0.5,0.5,10.52878742,true
1241,381,426,0.5,0.5,15.78260433,true
1242,426,471,0.5,0.5,15.78260433,true
1243,382,427,0.5,0.5,23.65805192,true
1244,427,472,0.5,0.5,23.65805192,true
1245,383,428,0.5,0.5,35.46331193,true
1246,428,473,0.5,0.5,35.46331193,true
1247,384,429,0.5,0.5,53.15934285,true
1248,429,474,0.5,0.5,53.15934285,true
1249,385,430,0.5,0.5,79.6856125,true
1250,430,475,0.5,0.5,79.6856125,true
1251,386,431,0.5,0.5,119.4483697,true
1252,431,476,0.5,0.5,119.4483697,true
1253,387,432,0.5,0.5,179.0525615,true
1254,432,477,0.5,0.5,179.0525615,true
1255,388,433,0.5,0.5,268.3989731,true
1256,433,478,0.5,0.5,268.3989731,true
1257,389,434,0.5,0.5,402.3288366,true
1258,434,479,0.5,0.5,402.3288366,true
1259,390,435,0.5,0.5,603.0890912,true
1260,435,480,0.5,0.5,603.0890912,true
1261,391,436,0.5,0.5,904.0277973,true
1262,436,481,0.5,0.5,904.0277973,true
1263,392,437,0.5,0.5,1355.133545,true
1264,437,482,0.5,0.5,1355.133545,true
1265,393,438,0.5,0.5,2031.339004,true
1266,438,483,0.5,0.5,2031.339004,true
1267,394,439,0.5,0.5,3044.967903,true
1268,439,484,0.5,0.5,3044.967903,true
1269,395,440,0.5,0.5,4564.393,true
1270,440,485,0.5,0.5,4564.393,true
1271,396,441,0.5,0.5,6842.004292,true
1272,441,486,0.5,0.5,6842.004292,true
1273,397,442,0.5,0.5,10256.13323,true
1274,442,487,0.5,0.5,10256.13323,true
1275,398,443,0.5,0.5,15373.89694,true
1276,443,488,0.5,0.5,15373.89694,true
1277,399,444,0.5,0.5,23045.4014,true
1278,444,489,0.5,0.5,23045.4014,true
1279,400,445,0.5,0.5,34544.95159,true
1280,445,490,0.5,0.5,34544.95159,true
1281,401,446,0.5,0.5,51782.7249,true
1282,446,491,0.5,0.5,51782.7249,true
1283,402,447,0.5,0.5,77622.06846,true
1284,447,492,0.5,0.5,77622.06846,true
1285,403,448,0.5,0.5,116355.1266,true
1286,448,493,0.5,0.5,116355.1266,true
1287,404,449,0.5,0.5,174415.8042,true
1288,449,494,0.5,0.5,174415.8042,true
1289,405,450,0.5,0.5,261448.495,true
1290,450,495,0.5,0.5,261448.495,true
1291,451,496,0.5,0.5,0.004473552,true
1292,496,541,0.5,0.5,0.004473552,true
1293,541,586,0.5,0.5,0.004473552,true
1294,586,631,0.5,0.5,0.004473552,true
1295,452,497,0.5,0.5,0.006942262,true
1296,497,542,0.5,0.5,0.006942262,true
1297,542,587,0.5,0.5,0.006942262,true
1298,587,632,0.5,0.5,0.006942262,true
1299,453,498,0.5,0.5,0.010773318,true
1300,498,543,0.5,0.5,0.010773318,true
1301,543,588,0.5,0.5,0.010773318,true
1302,588,633,0.5,0.5,0.010773318,true
1303,454,499,0.5,0.5,0.016718526,true
1304,499,544,0.5,0.5,0.016718526,true
1305,544,589,0.5,0.5,0.016718526,true
1306,589,634,0.5,0.5,0.016718526,true
1307,455,500,0.5,0.5,0.02594457,true
1308,500,545,0.5,0.5,0.02594457,true
1309,545,590,0.5,0.5,0.02594457,true
1310,590,635,0.5,0.5,0.02594457,true
1311,456,501,0.5,0.5,0.036406086,true
1312,501,546,0.5,0.5,0.036406086,true
1313,546,591,0.5,0.5,0.036406086,true
1314,591,636,0.5,0.5,0.036406086,true
1315,457,502,0.5,0.5,0.054572558,true
1316,502,547,0.5,0.5,0.054572558,true
1317,547,592,0.5,0.5,0.054572558,true
1318,592,637,0.5,0.5,0.054572558,true
1319,458,503,0.5,0.5,0.081804015,true
1320,503,548,0.5,0.5,0.081804015,true
1321,548,593,0.5,0.5,0.081804015,true
1322,593,638,0.5,0.5,0.081804015,true
1323,459,504,0.5,0.5,0.122623845,true
1324,504,549,0.5,0.5,0.122623845,true
1325,549,594,0.5,0.5,0.122623845,true
1326,594,639,0.5,0.5,0.122623845,true
1327,460,505,0.5,0.5,0.183812585,true
1328,505,550,0.5,0.5,0.183812585,true
1329,550,595,0.5,0.5,0.183812585,true
1330,595,640,0.5,0.5,0.183812585,true
1331,461,506,0.5,0.5,0.275534226,true
1332,506,551,0.5,0.5,0.275534226,true
1333,551,596,0.5,0.5,0.275534226,true
1334,596,641,0.5,0.5,0.275534226,true
1335,462,507,0.5,0.5,0.413024548,true
1336,507,552,0.5,0.5,0.413024548,true
1337,552,597,0.5,0.5,0.413024548,true
1338,597,642,0.5,0.5,0.413024548,true
1339,463,508,0.5,0.5,0.619121914,true
1340,508,553,0.5,0.5,0.619121914,true
1341,553,598,0.5,0.5,0.619121914,true
1342,598,643,0.5,0.5,0.619121914,true
1343,464,509,0.5,0.5,0.928060926,true
1344,509,554,0.5,0.5,0.928060926,true
1345,554,599,0.5,0.5,0.928060926,true
1346,599,644,0.5,0.5,0.928060926,true
1347,465,510,0.5,0.5,1.391159096,true
1348,510,555,0.5,0.5,1.391159096,true
1349,555,600,0.5,0.5,1.391159096,true
1350,600,645,0.5,0.5,1.391159096,true
1351,466,511,0.5,0.5,2.08534114,true
1352,511,556,0.5,0.5,2.08534114,true
1353,556,601,0.5,0.5,2.08534114,true
1354,601,646,0.5,0.5,2.08534114,true
1355,467,512,0.5,0.5,3.125916859,true
1356,512,557,0.5,0.5,3.125916859,true
1357,557,602,0.5,0.5,3.125916859,true
1358,602,647,0.5,0.5,3.125916859,true
1359,468,513,0.5,0.5,4.685735115,true
1360,513,558,0.5,0.5,4.685735115,true
1361,558,603,0.5,0.5,4.685735115,true
1362,603,648,0.5,0.5,4.685735115,true
1363,469,514,0.5,0.5,7.023895569,true
1364,514,559,0.5,0.5,7.023895569,true
1365,559,604,0.5,0.5,7.023895569,true
1366,604,649,0.5,0.5,7.023895569,true
1367,470,515,0.5,0.5,10.52878742,true
1368,515,560,0.5,0.5,10.52878742,true
1369,560,605,0.5,0.5,10.52878742,true
1370,605,650,0.5,0.5,10.52878742,true
1371,471,516,0.5,0.5,15.78260433,true
1372,516,561,0.5,0.5,15.78260433,true
1373,561,606,0.5,0.5,15.78260433,true
1374,606,651,0.5,0.5,15.78260433,true
1375,472,517,0.5,0.5,23.65805192,true
1376,517,562,0.5,0.5,23.65805192,true
1377,562,607,0.5,0.5,23.65805192,true
1378,607,652,0.5,0.5,23.65805192,true
1379,473,518,0.5,0.5,35.46331193,true
1380,518,563,0.5,0.5,35.46331193,true
1381,563,608,0.5,0.5,35.46331193,true
1382,608,653,0.5,0.5,35.46331193,true
1383,474,519,0.5,0.5,53.15934285,true
1384,519,564,0.5,0.5,53.15934285,true
1385,564,609,0.5,0.5,53.15934285,true
1386,609,654,0.5,0.5,53.15934285,true
1387,475,520,0.5,0.5,79.6856125,true
1388,520,565,0.5,0.5,79.6856125,true
1389,565,610,0.5,0.5,79.6856125,true
1390,610,655,0.5,0.5,79.6856125,true
1391,476,521,0.5,0.5,119.4483697,true
1392,521,566,0.5,0.5,119.4483697,true
1393,566,611,0.5,0.5,119.4483697,true
1394,611,656,0.5,0.5,119.4483697,true
1395,477,522,0.5,0.5,179.0525615,true
1396,522,567,0.5,0.5,179.0525615,true
1397,567,612,0.5,0.5,179.0525615,true
1398,612,657,0.5,0.5,179.0525615,true
1399,478,523,0.5,0.5,268.3989731,true
1400,523,568,0.5,0.5,268.3989731,true
1401,568,613,0.5,0.5,268.3989731,true
1402,613,658,0.5,0.5,268.3989731,true
1403,479,524,0.5,0.5,402.3288366,true
1404,524,569,0.5,0.5,402.3288366,true
1405,569,614,0.5,0.5,402.3288366,true
1406,614,659,0.5,0.5,402.3288366,true
1407,480,525,0.5,0.5,603.0890912,true
1408,525,570,0.5,0.5,603.0890912,true
1409,570,615,0.5,0.5,603.0890912,true
1410,615,660,0.5,0.5,603.0890912,true
1411,481,526,0.5,0.5,904.0277973,true
1412,526,571,0.5,0.5,904.0277973,true
1413,571,616,0.5,0.5,904.0277973,true
1414,616,661,0.5,0.5,904.0277973,true
1415,482,527,0.5,0.5,1355.133545,true
1416,527,572,0.5,0.5,1355.133545,true
1417,572,617,0.5,0.5,1355.133545,true
1418,617,662,0.5,0.5,1355.133545,true
1419,483,528,0.5,0.5,2031.339004,true
1420,528,573,0.5,0.5,2031.339004,true
1421,573,618,0.5,0.5,2031.339004,true
1422,618,663,0.5,0.5,2031.339004,true
1423,484,529,0.5,0.5,3044.967903,true
1424,529,574,0.5,0.5,3044.967903,true
1425,574,619,0.5,0.5,3044.967903,true
1426,619,664,0.5,0.5,3044.967903,true
1427,485,530,0.5,0.5,4564.393,true
1428,530,575,0.5,0.5,4564.393,true
1429,575,620,0.5,0.5,4564.393,true
1430,620,665,0.5,0.5,4564.393,true
1431,486,531,0.5,0.5,6842.004292,true
1432,531,576,0.5,0.5,6842.004292,true
1433,576,621,0.5,0.5,6842.004292,true
1434,621,666,0.5,0.5,6842.004292,true
1435,487,532,0.5,0.5,10256.13323,true
1436,532,577,0.5,0.5,10256.13323,true
1437,577,622,0.5,0.5,10256.13323,true
1438,622,667,0.5,0.5,10256.13323,true
1439,488,533,0.5,0.5,15373.89694,true
1440,533,578,0.5,0.5,15373.89694,true
1441,578,623,0.5,0.5,15373.89694,true
1442,623,668,0.5,0.5,15373.89694,true
1443,489,534,0.5,0.5,23045.4014,true
1444,534,579,0.5,0.5,23045.4014,true
1445,579,624,0.5,0.5,23045.4014,true
1446,624,669,0.5,0.5,23045.4014,true
1447,490,535,0.5,0.5,34544.95159,true
1448,535,580,0.5,0.5,34544.95159,true
1449,580,625,0.5,0.5,34544.95159,true
1450,625,670,0.5,0.5,34544.95159,true
1451,491,536,0.5,0.5,51782.7249,true
1452,536,581,0.5,0.5,51782.7249,true
1453,581,626,0.5,0.5,51782.7249,true
1454,626,671,0.5,0.5,51782.7249,true
1455,492,537,0.5,0.5,77622.06846,true
1456,537,582,0.5,0.5,77622.06846,true
1457,582,627,0.5,0.5,77622.06846,true
1458,627,672,0.5,0.5,77622.06846,true
1459,493,538,0.5,0.5,116355.1266,true
1460,538,583,0.5,0.5,116355.1266,true
1461,583,628,0.5,0.5,116355.1266,true
1462,628,673,0.5,0.5,116355.1266,true
1463,494,539,0.5,0.5,174415.8042,true
1464,539,584,0.5,0.5,174415.8042,true
1465,584,629,0.5,0.5,174415.8042,true
1466,629,674,0.5,0.5,174415.8042,true
1467,495,540,0.5,0.5,261448.495,true
1468,540,585,0.5,0.5,261448.495,true
1469,585,630,0.5,0.5,261448.495,true
1470,630,675,0.5,0.5,261448.495,true
1471,1,676,0.006241261,0.050797521,0.319170238,false
1472,46,676,0.006241261,0.050797521,0.319170238,false
1473,91,676,0.006241261,0.050797521,0.319170238,false
1474,136,676,0.006241261,0.050797521,0.319170238,false
1475,181,676,0.006241261,0.050797521,0.319170238,false
1476,226,676,0.006241261,0.050797521,0.319170238,false
1477,271,676,0.006241261,0.050797521,0.319170238,false
1478,316,676,0.006241261,0.050797521,0.319170238,false
1479,361,676,0.006241261,0.050797521,0.319170238,false
1480,406,676,0.006241261,0.050797521,0.319170238,false
1481,451,676,0.006241261,0.050797521,0.319170238,false
1482,496,676,0.006241261,0.050797521,0.319170238,false
1483,541,676,0.006241261,0.050797521,0.319170238,false
1484,586,676,0.006241261,0.050797521,0.319170238,false
1485,631,676,0.006241261,0.050797521,0.319170238,false
1486,45,677,45.80746873,0.001,3141.592654,false
1487,90,677,45.80746873,0.001,3141.592654,false
1488,135,677,45.80746873,0.001,3141.592654,false
1489,180,677,45.80746873,0.001,3141.592654,false
1490,225,677,45.80746873,0.001,3141.592654,false
1491,270,677,45.80746873,0.001,3141.592654,false
1492,315,677,45.80746873,0.001,3141.592654,false
1493,360,677,45.80746873,0.001,3141.592654,false
1494,405,677,45.80746873,0.001,3141.592654,false
1495,450,677,45.80746873,0.001,3141.592654,false
1496,495,677,45.80746873,0.001,3141.592654,false
1497,540,677,45.80746873,0.001,3141.592654,false
1498,585,677,45.80746873,0.001,3141.592654,false
1499,630,677,45.80746873,0.001,3141.592654,false
1500,675,677,45.80746873,0.001,3141.592654,false
