cellIndex,x,y,z,vol,b,h0,material
1,0,0,0.875,0.054977871,1.75,20,1
2,0.106166202,0,0.875,0.014396334,0,20,2
3,0.119259046,0,0.875,0.018166113,0,20,2
4,0.133966552,0,0.875,0.022923035,0,20,2
5,0.150487848,0,0.875,0.028925589,0,20,2
6,0.169046616,0,0.875,0.036499954,0,20,2
7,0.189894127,0,0.875,0.046057718,0,20,2
8,0.213312636,0,0.875,0.058118249,0,20,2
9,0.239619211,0,0.875,0.073336913,0,20,2
10,0.269170018,0,0.875,0.092540688,0,20,2
11,0.30236515,0,0.875,0.116773104,0,20,2
12,0.33965404,0,0.875,0.147350945,0,20,2
13,0.381541546,0,0.875,0.185935804,0,20,2
14,0.428594788,0,0.875,0.234624374,0,20,2
15,0.481450826,0,0.875,0.296062382,0,20,2
16,0.540825284,0,0.875,0.373588354,0,20,2
17,0.607522039,0,0.875,0.471415036,0,20,2
18,0.682444107,0,0.875,0.594858308,0,20,2
19,0.766605866,0,0.875,0.750626051,0,20,2
20,0.861146793,0,0.875,0.947182649,0,20,2
21,0.967346889,0,0.875,1.195208945,0,20,2
22,1.086644009,0,0.875,1.508182634,0,20,2
23,1.22065333,0,0.875,1.903110637,0,20,2
24,1.371189222,0,0.875,2.401453257,0,20,2
25,1.540289807,0,0.875,3.030290321,0,20,2
26,1.730244557,0,0.875,3.8237927,0,20,2
27,1.943625294,0,0.875,4.825079137,0,20,2
28,2.183321004,0,0.875,6.088559321,0,20,2
29,2.452576956,0,0.875,7.682890487,0,20,2
30,2.755038637,0,0.875,9.694708243,0,20,2
31,3.094801113,0,0.875,12.23333433,0,20,2
32,3.476464467,0,0.875,15.43671712,0,20,2
33,3.905196086,0,0.875,19.47892775,0,20,2
34,4.386800617,0,0.875,24.57961906,0,20,2
35,4.927798561,0,0.875,31.01596149,0,20,2
36,5.535514553,0,0.875,39.13770449,0,20,2
37,6.218176532,0,0.875,49.3861818,0,20,2
38,6.98502714,0,0.875,62.31829344,0,20,2
39,7.846448857,0,0.875,78.63676751,0,20,2
40,8.814104575,0,0.875,99.22834635,0,20,2
41,9.901095498,0,0.875,125.2119718,0,20,2
42,11.12213853,0,0.875,157.9995885,0,20,2
43,12.4937655,0,0.875,199.3728683,0,20,2
44,14.03454705,0,0.875,251.5800261,0,20,2
45,15.765344,0,0.875,317.4579876,0,20,2
46,17.7095898,0,0.875,400.5865467,0,20,2
47,19.89360784,0,0.875,505.4828913,0,20,2
48,22.34696779,0,0.875,637.8470656,0,20,2
49,25.10288598,0,0.875,804.8717101,0,20,2
50,28.19867512,0,0.875,1015.632907,0,20,2
51,31.67624946,0,0.875,1281.583375,0,20,2
52,35.58269229,0,0.875,1617.174803,0,20,2
53,39.97089341,0,0.875,2040.643156,0,20,2
54,44.90026518,0,0.875,2574.999612,0,20,2
55,50.43754697,0,0.875,3249.280985,0,20,2
56,56.65770867,0,0.875,4100.127575,0,20,2
57,63.6449658,0,0.875,5173.774203,0,20,2
58,71.49391967,0,0.875,6528.562589,0,20,2
59,80.31083817,0,0.875,8238.111639,0,20,2
60,90.21509463,0,0.875,10395.31788,0,20,2
61,101.3407839,0,0.875,13117.40341,0,20,2
62,113.8385381,0,0.875,16552.28578,0,20,2
63,127.8775657,0,0.875,20886.61575,0,20,2
64,143.6479429,0,0.875,26355.91985,0,20,2
65,161.3631865,0,0.875,33257.39887,0,20,2
66,181.2631455,0,0.875,41966.07767,0,20,2
67,203.6172476,0,0.875,52955.18397,0,20,2
68,228.7281477,0,0.875,66821.86338,0,20,2
69,256.9358254,0,0.875,84319.62825,0,20,2
70,288.6221876,0,0.875,106399.3033,0,20,2
71,324.2162398,0,0.875,134260.6932,0,20,2
72,364.199894,0,0.875,169417.7798,0,20,2
73,409.1144937,0,0.875,213780.9916,0,20,2
74,459.5681431,0,0.875,269761.0157,0,20,2
75,516.2439399,0,0.875,340399.7945,0,20,2
76,579.9092246,0,0.875,429535.8237,0,20,2
77,651.4259689,0,0.875,542012.7356,0,20,2
78,731.7624466,0,0.875,683942.5011,0,20,2
79,822.0063426,0,0.875,863037.5527,0,20,2
80,923.37948,0,0.875,1089029.876,0,20,2
81,1037.254361,0,0.875,1374199.845,0,20,2
82,1165.172752,0,0.875,1734043.533,0,20,2
83,1308.866555,0,0.875,2188114.768,0,20,2
84,1470.281258,0,0.875,2761087.681,0,20,2
85,1651.602272,0,0.875,3484097.495,0,20,2
86,1855.284525,0,0.875,4396432.405,0,20,2
87,2084.085695,0,0.875,5547668.492,0,20,2
88,2341.103548,0,0.875,7000363.671,0,20,2
89,2629.817879,0,0.875,8833457.082,0,20,2
90,2954.137626,0,0.875,11146558.62,0,20,2
91,3318.453792,0,0.875,14065361.72,0,20,2
92,3727.698897,0,0.875,17748473.5,0,20,2
93,4187.413759,0,0.875,22396033.45,0,20,2
94,4703.822511,0,0.875,28260588.96,0,20,2
95,5283.916873,0,0.875,35660818.69,0,20,2
96,5935.550812,0,0.875,44998849.52,0,20,2
97,6667.546876,0,0.875,56782108,0,20,2
98,7489.815647,0,0.875,71650893.82,0,20,2
99,8413.489919,0,0.875,90413173.54,0,20,2
100,9451.075427,0,0.875,114088485.4,0,20,2
101,0,0,2.625,0.054977871,1.75,20,1
102,0.106166202,0,2.625,0.014396334,0,20,2
103,0.119259046,0,2.625,0.018166113,0,20,2
104,0.133966552,0,2.625,0.022923035,0,20,2
105,0.150487848,0,2.625,0.028925589,0,20,2
106,0.169046616,0,2.625,0.036499954,0,20,2
107,0.189894127,0,2.625,0.046057718,0,20,2
108,0.213312636,0,2.625,0.058118249,0,20,2
109,0.239619211,0,2.625,0.073336913,0,20,2
110,0.269170018,0,2.625,0.092540688,0,20,2
111,0.30236515,0,2.625,0.116773104,0,20,2
112,0.33965404,0,2.625,0.147350945,0,20,2
113,0.381541546,0,2.625,0.185935804,0,20,2
114,0.428594788,0,2.625,0.234624374,0,20,2
115,0.481450826,0,2.625,0.296062382,0,20,2
116,0.540825284,0,2.625,0.373588354,0,20,2
117,0.607522039,0,2.625,0.471415036,0,20,2
118,0.682444107,0,2.625,0.594858308,0,20,2
119,0.766605866,0,2.625,0.750626051,0,20,2
120,0.861146793,0,2.625,0.947182649,0,20,2
121,0.967346889,0,2.625,1.195208945,0,20,2
122,1.086644009,0,2.625,1.508182634,0,20,2
123,1.22065333,0,2.625,1.903110637,0,20,2
124,1.371189222,0,2.625,2.401453257,0,20,2
125,1.540289807,0,2.625,3.030290321,0,20,2
126,1.730244557,0,2.625,3.8237927,0,20,2
127,1.943625294,0,2.625,4.825079137,0,20,2
128,2.183321004,0,2.625,6.088559321,0,20,2
129,2.452576956,0,2.625,7.682890487,0,20,2
130,2.755038637,0,2.625,9.694708243,0,20,2
131,3.094801113,0,2.625,12.23333433,0,20,2
132,3.476464467,0,2.625,15.43671712,0,20,2
133,3.905196086,0,2.625,19.47892775,0,20,2
134,4.386800617,0,2.625,24.57961906,0,20,2
135,4.927798561,0,2.625,31.01596149,0,20,2
136,5.535514553,0,2.625,39.13770449,0,20,2
137,6.218176532,0,2.625,49.3861818,0,20,2
138,6.98502714,0,2.625,62.31829344,0,20,2
139,7.846448857,0,2.625,78.63676751,0,20,2
140,8.814104575,0,2.625,99.22834635,0,20,2
141,9.901095498,0,2.625,125.2119718,0,20,2
142,11.12213853,0,2.625,157.9995885,0,20,2
143,12.4937655,0,2.625,199.3728683,0,20,2
144,14.03454705,0,2.625,251.5800261,0,20,2
145,15.765344,0,2.625,317.4579876,0,20,2
146,17.7095898,0,2.625,400.5865467,0,20,2
147,19.89360784,0,2.625,505.4828913,0,20,2
148,22.34696779,0,2.625,637.8470656,0,20,2
149,25.10288598,0,2.625,804.8717101,0,20,2
150,28.19867512,0,2.625,1015.632907,0,20,2
151,31.67624946,0,2.625,1281.583375,0,20,2
152,35.58269229,0,2.625,1617.174803,0,20,2
153,39.97089341,0,2.625,2040.643156,0,20,2
154,44.90026518,0,2.625,2574.999612,0,20,2
155,50.43754697,0,2.625,3249.280985,0,20,2
156,56.65770867,0,2.625,4100.127575,0,20,2
157,63.6449658,0,2.625,5173.774203,0,20,2
158,71.49391967,0,2.625,6528.562589,0,20,2
159,80.31083817,0,2.625,8238.111639,0,20,2
160,90.21509463,0,2.625,10395.31788,0,20,2
161,101.3407839,0,2.625,13117.40341,0,20,2
162,113.8385381,0,2.625,16552.28578,0,20,2
163,127.8775657,0,2.625,20886.61575,0,20,2
164,143.6479429,0,2.625,26355.91985,0,20,2
165,161.3631865,0,2.625,33257.39887,0,20,2
166,181.2631455,0,2.625,41966.07767,0,20,2
167,203.6172476,0,2.625,52955.18397,0,20,2
168,228.7281477,0,2.625,66821.86338,0,20,2
169,256.9358254,0,2.625,84319.62825,0,20,2
170,288.6221876,0,2.625,106399.3033,0,20,2
171,324.2162398,0,2.625,134260.6932,0,20,2
172,364.199894,0,2.625,169417.7798,0,20,2
173,409.1144937,0,2.625,213780.9916,0,20,2
174,459.5681431,0,2.625,269761.0157,0,20,2
175,516.2439399,0,2.625,340399.7945,0,20,2
176,579.9092246,0,2.625,429535.8237,0,20,2
177,651.4259689,0,2.625,542012.7356,0,20,2
178,731.7624466,0,2.625,683942.5011,0,20,2
179,822.0063426,0,2.625,863037.5527,0,20,2
180,923.37948,0,2.625,1089029.876,0,20,2
181,1037.254361,0,2.625,1374199.845,0,20,2
182,1165.172752,0,2.625,1734043.533,0,20,2
183,1308.866555,0,2.625,2188114.768,0,20,2
184,1470.281258,0,2.625,2761087.681,0,20,2
185,1651.602272,0,2.625,3484097.495,0,20,2
186,1855.284525,0,2.625,4396432.405,0,20,2
187,2084.085695,0,2.625,5547668.492,0,20,2
188,2341.103548,0,2.625,7000363.671,0,20,2
189,2629.817879,0,2.625,8833457.082,0,20,2
190,2954.137626,0,2.625,11146558.62,0,20,2
191,3318.453792,0,2.625,14065361.72,0,20,2
192,3727.698897,0,2.625,17748473.5,0,20,2
193,4187.413759,0,2.625,22396033.45,0,20,2
194,4703.822511,0,2.625,28260588.96,0,20,2
195,5283.916873,0,2.625,35660818.69,0,20,2
196,5935.550812,0,2.625,44998849.52,0,20,2
197,6667.546876,0,2.625,56782108,0,20,2
198,7489.815647,0,2.625,71650893.82,0,20,2
199,8413.489919,0,2.625,90413173.54,0,20,2
200,9451.075427,0,2.625,114088485.4,0,20,2
201,0,0,4.375,0.054977871,1.75,20,1
202,0.106166202,0,4.375,0.014396334,0,20,2
203,0.119259046,0,4.375,0.018166113,0,20,2
204,0.133966552,0,4.375,0.022923035,0,20,2
205,0.150487848,0,4.375,0.028925589,0,20,2
206,0.169046616,0,4.375,0.036499954,0,20,2
207,0.189894127,0,4.375,0.046057718,0,20,2
208,0.213312636,0,4.375,0.058118249,0,20,2
209,0.239619211,0,4.375,0.073336913,0,20,2
210,0.269170018,0,4.375,0.092540688,0,20,2
211,0.30236515,0,4.375,0.116773104,0,20,2
212,0.33965404,0,4.375,0.147350945,0,20,2
213,0.381541546,0,4.375,0.185935804,0,20,2
214,0.428594788,0,4.375,0.234624374,0,20,2
215,0.481450826,0,4.375,0.296062382,0,20,2
216,0.540825284,0,4.375,0.373588354,0,20,2
217,0.607522039,0,4.375,0.471415036,0,20,2
218,0.682444107,0,4.375,0.594858308,0,20,2
219,0.766605866,0,4.375,0.750626051,0,20,2
220,0.861146793,0,4.375,0.947182649,0,20,2
221,0.967346889,0,4.375,1.195208945,0,20,2
222,1.086644009,0,4.375,1.508182634,0,20,2
223,1.22065333,0,4.375,1.903110637,0,20,2
224,1.371189222,0,4.375,2.401453257,0,20,2
225,1.540289807,0,4.375,3.030290321,0,20,2
226,1.730244557,0,4.375,3.8237927,0,20,2
227,1.943625294,0,4.375,4.825079137,0,20,2
228,2.183321004,0,4.375,6.088559321,0,20,2
229,2.452576956,0,4.375,7.682890487,0,20,2
230,2.755038637,0,4.375,9.694708243,0,20,2
231,3.094801113,0,4.375,12.23333433,0,20,2
232,3.476464467,0,4.375,15.43671712,0,20,2
233,3.905196086,0,4.375,19.47892775,0,20,2
234,4.386800617,0,4.375,24.57961906,0,20,2
235,4.927798561,0,4.375,31.01596149,0,20,2
236,5.535514553,0,4.375,39.13770449,0,20,2
237,6.218176532,0,4.375,49.3861818,0,20,2
238,6.98502714,0,4.375,62.31829344,0,20,2
239,7.846448857,0,4.375,78.63676751,0,20,2
240,8.814104575,0,4.375,99.22834635,0,20,2
241,9.901095498,0,4.375,125.2119718,0,20,2
242,11.12213853,0,4.375,157.9995885,0,20,2
243,12.4937655,0,4.375,199.3728683,0,20,2
244,14.03454705,0,4.375,251.5800261,0,20,2
245,15.765344,0,4.375,317.4579876,0,20,2
246,17.7095898,0,4.375,400.5865467,0,20,2
247,19.89360784,0,4.375,505.4828913,0,20,2
248,22.34696779,0,4.375,637.8470656,0,20,2
249,25.10288598,0,4.375,804.8717101,0,20,2
250,28.19867512,0,4.375,1015.632907,0,20,2
251,31.67624946,0,4.375,1281.583375,0,20,2
252,35.58269229,0,4.375,1617.174803,0,20,2
253,39.97089341,0,4.375,2040.643156,0,20,2
254,44.90026518,0,4.375,2574.999612,0,20,2
255,50.43754697,0,4.375,3249.280985,0,20,2
256,56.65770867,0,4.375,4100.127575,0,20,2
257,63.6449658,0,4.375,5173.774203,0,20,2
258,71.49391967,0,4.375,6528.562589,0,20,2
259,80.31083817,0,4.375,8238.111639,0,20,2
260,90.21509463,0,4.375,10395.31788,0,20,2
261,101.3407839,0,4.375,13117.40341,0,20,2
262,113.8385381,0,4.375,16552.28578,0,20,2
263,127.8775657,0,4.375,20886.61575,0,20,2
264,143.6479429,0,4.375,26355.91985,0,20,2
265,161.3631865,0,4.375,33257.39887,0,20,2
266,181.2631455,0,4.375,41966.07767,0,20,2
267,203.6172476,0,4.375,52955.18397,0,20,2
268,228.7281477,0,4.375,66821.86338,0,20,2
269,256.9358254,0,4.375,84319.62825,0,20,2
270,288.6221876,0,4.375,106399.3033,0,20,2
271,324.2162398,0,4.375,134260.6932,0,20,2
272,364.199894,0,4.375,169417.7798,0,20,2
273,409.1144937,0,4.375,213780.9916,0,20,2
274,459.5681431,0,4.375,269761.0157,0,20,2
275,516.2439399,0,4.375,340399.7945,0,20,2
276,579.9092246,0,4.375,429535.8237,0,20,2
277,651.4259689,0,4.375,542012.7356,0,20,2
278,731.7624466,0,4.375,683942.5011,0,20,2
279,822.0063426,0,4.375,863037.5527,0,20,2
280,923.37948,0,4.375,1089029.876,0,20,2
281,1037.254361,0,4.375,1374199.845,0,20,2
282,1165.172752,0,4.375,1734043.533,0,20,2
283,1308.866555,0,4.375,2188114.768,0,20,2
284,1470.281258,0,4.375,2761087.681,0,20,2
285,1651.602272,0,4.375,3484097.495,0,20,2
286,1855.284525,0,4.375,4396432.405,0,20,2
287,2084.085695,0,4.375,5547668.492,0,20,2
288,2341.103548,0,4.375,7000363.671,0,20,2
289,2629.817879,0,4.375,8833457.082,0,20,2
290,2954.137626,0,4.375,11146558.62,0,20,2
291,3318.453792,0,4.375,14065361.72,0,20,2
292,3727.698897,0,4.375,17748473.5,0,20,2
293,4187.413759,0,4.375,22396033.45,0,20,2
294,4703.822511,0,4.375,28260588.96,0,20,2
295,5283.916873,0,4.375,35660818.69,0,20,2
296,5935.550812,0,4.375,44998849.52,0,20,2
297,6667.546876,0,4.375,56782108,0,20,2
298,7489.815647,0,4.375,71650893.82,0,20,2
299,8413.489919,0,4.375,90413173.54,0,20,2
300,9451.075427,0,4.375,114088485.4,0,20,2
301,0,0,6.125,0.054977871,1.75,20,1
302,0.106166202,0,6.125,0.014396334,0,20,2
303,0.119259046,0,6.125,0.018166113,0,20,2
304,0.133966552,0,6.125,0.022923035,0,20,2
305,0.150487848,0,6.125,0.028925589,0,20,2
306,0.169046616,0,6.125,0.036499954,0,20,2
307,0.189894127,0,6.125,0.046057718,0,20,2
308,0.213312636,0,6.125,0.058118249,0,20,2
309,0.239619211,0,6.125,0.073336913,0,20,2
310,0.269170018,0,6.125,0.092540688,0,20,2
311,0.30236515,0,6.125,0.116773104,0,20,2
312,0.33965404,0,6.125,0.147350945,0,20,2
313,0.381541546,0,6.125,0.185935804,0,20,2
314,0.428594788,0,6.125,0.234624374,0,20,2
315,0.481450826,0,6.125,0.296062382,0,20,2
316,0.540825284,0,6.125,0.373588354,0,20,2
317,0.607522039,0,6.125,0.471415036,0,20,2
318,0.682444107,0,6.125,0.594858308,0,20,2
319,0.766605866,0,6.125,0.750626051,0,20,2
320,0.861146793,0,6.125,0.947182649,0,20,2
321,0.967346889,0,6.125,1.195208945,0,20,2
322,1.086644009,0,6.125,1.508182634,0,20,2
323,1.22065333,0,6.125,1.903110637,0,20,2
324,1.371189222,0,6.125,2.401453257,0,20,2
325,1.540289807,0,6.125,3.030290321,0,20,2
326,1.730244557,0,6.125,3.8237927,0,20,2
327,1.943625294,0,6.125,4.825079137,0,20,2
328,2.183321004,0,6.125,6.088559321,0,20,2
329,2.452576956,0,6.125,7.682890487,0,20,2
330,2.755038637,0,6.125,9.694708243,0,20,2
331,3.094801113,0,6.125,12.23333433,0,20,2
332,3.476464467,0,6.125,15.43671712,0,20,2
333,3.905196086,0,6.125,19.47892775,0,20,2
334,4.386800617,0,6.125,24.57961906,0,20,2
335,4.927798561,0,6.125,31.01596149,0,20,2
336,5.535514553,0,6.125,39.13770449,0,20,2
337,6.218176532,0,6.125,49.3861818,0,20,2
338,6.98502714,0,6.125,62.31829344,0,20,2
339,7.846448857,0,6.125,78.63676751,0,20,2
340,8.814104575,0,6.125,99.22834635,0,20,2
341,9.901095498,0,6.125,125.2119718,0,20,2
342,11.12213853,0,6.125,157.9995885,0,20,2
343,12.4937655,0,6.125,199.3728683,0,20,2
344,14.03454705,0,6.125,251.5800261,0,20,2
345,15.765344,0,6.125,317.4579876,0,20,2
346,17.7095898,0,6.125,400.5865467,0,20,2
347,19.89360784,0,6.125,505.4828913,0,20,2
348,22.34696779,0,6.125,637.8470656,0,20,2
349,25.10288598,0,6.125,804.8717101,0,20,2
350,28.19867512,0,6.125,1015.632907,0,20,2
351,31.67624946,0,6.125,1281.583375,0,20,2
352,35.58269229,0,6.125,1617.174803,0,20,2
353,39.97089341,0,6.125,2040.643156,0,20,2
354,44.90026518,0,6.125,2574.999612,0,20,2
355,50.43754697,0,6.125,3249.280985,0,20,2
356,56.65770867,0,6.125,4100.127575,0,20,2
357,63.6449658,0,6.125,5173.774203,0,20,2
358,71.49391967,0,6.125,6528.562589,0,20,2
359,80.31083817,0,6.125,8238.111639,0,20,2
360,90.21509463,0,6.125,10395.31788,0,20,2
361,101.3407839,0,6.125,13117.40341,0,20,2
362,113.8385381,0,6.125,16552.28578,0,20,2
363,127.8775657,0,6.125,20886.61575,0,20,2
364,143.6479429,0,6.125,26355.91985,0,20,2
365,161.3631865,0,6.125,33257.39887,0,20,2
366,181.2631455,0,6.125,41966.07767,0,20,2
367,203.6172476,0,6.125,52955.18397,0,20,2
368,228.7281477,0,6.125,66821.86338,0,20,2
369,256.9358254,0,6.125,84319.62825,0,20,2
370,288.6221876,0,6.125,106399.3033,0,20,2
371,324.2162398,0,6.125,134260.6932,0,20,2
372,364.199894,0,6.125,169417.7798,0,20,2
373,409.1144937,0,6.125,213780.9916,0,20,2
374,459.5681431,0,6.125,269761.0157,0,20,2
375,516.2439399,0,6.125,340399.7945,0,20,2
376,579.9092246,0,6.125,429535.8237,0,20,2
377,651.4259689,0,6.125,542012.7356,0,20,2
378,731.7624466,0,6.125,683942.5011,0,20,2
379,822.0063426,0,6.125,863037.5527,0,20,2
380,923.37948,0,6.125,1089029.876,0,20,2
381,1037.254361,0,6.125,1374199.845,0,20,2
382,1165.172752,0,6.125,1734043.533,0,20,2
383,1308.866555,0,6.125,2188114.768,0,20,2
384,1470.281258,0,6.125,2761087.681,0,20,2
385,1651.602272,0,6.125,3484097.495,0,20,2
386,1855.284525,0,6.125,4396432.405,0,20,2
387,2084.085695,0,6.125,5547668.492,0,20,2
388,2341.103548,0,6.125,7000363.671,0,20,2
389,2629.817879,0,6.125,8833457.082,0,20,2
390,2954.137626,0,6.125,11146558.62,0,20,2
391,3318.453792,0,6.125,14065361.72,0,20,2
392,3727.698897,0,6.125,17748473.5,0,20,2
393,4187.413759,0,6.125,22396033.45,0,20,2
394,4703.822511,0,6.125,28260588.96,0,20,2
395,5283.916873,0,6.125,35660818.69,0,20,2
396,5935.550812,0,6.125,44998849.52,0,20,2
397,6667.546876,0,6.125,56782108,0,20,2
398,7489.815647,0,6.125,71650893.82,0,20,2
399,8413.489919,0,6.125,90413173.54,0,20,2
400,9451.075427,0,6.125,114088485.4,0,20,2
401,0,0,7.375,0.023561945,0.75,20,1
402,0.106166202,0,7.375,0.006169857,0,20,3
403,0.119259046,0,7.375,0.007785477,0,20,3
404,0.133966552,0,7.375,0.009824158,0,20,3
405,0.150487848,0,7.375,0.012396681,0,20,3
406,0.169046616,0,7.375,0.015642838,0,20,3
407,0.189894127,0,7.375,0.019739022,0,20,3
408,0.213312636,0,7.375,0.024907821,0,20,3
409,0.239619211,0,7.375,0.031430105,0,20,3
410,0.269170018,0,7.375,0.039660295,0,20,3
411,0.30236515,0,7.375,0.050045616,0,20,3
412,0.33965404,0,7.375,0.063150405,0,20,3
413,0.381541546,0,7.375,0.079686773,0,20,3
414,0.428594788,0,7.375,0.100553303,0,20,3
415,0.481450826,0,7.375,0.126883878,0,20,3
416,0.540825284,0,7.375,0.160109295,0,20,3
417,0.607522039,0,7.375,0.202035016,0,20,3
418,0.682444107,0,7.375,0.254939275,0,20,3
419,0.766605866,0,7.375,0.321696879,0,20,3
420,0.861146793,0,7.375,0.405935421,0,20,3
421,0.967346889,0,7.375,0.512232405,0,20,3
422,1.086644009,0,7.375,0.646363986,0,20,3
423,1.22065333,0,7.375,0.815618844,0,20,3
424,1.371189222,0,7.375,1.029194253,0,20,3
425,1.540289807,0,7.375,1.298695852,0,20,3
426,1.730244557,0,7.375,1.6387683,0,20,3
427,1.943625294,0,7.375,2.067891059,0,20,3
428,2.183321004,0,7.375,2.609382566,0,20,3
429,2.452576956,0,7.375,3.292667352,0,20,3
430,2.755038637,0,7.375,4.154874961,0,20,3
431,3.094801113,0,7.375,5.242857568,0,20,3
432,3.476464467,0,7.375,6.615735909,0,20,3
433,3.905196086,0,7.375,8.348111894,0,20,3
434,4.386800617,0,7.375,10.53412245,0,20,3
435,4.927798561,0,7.375,13.29255492,0,20,3
436,5.535514553,0,7.375,16.77330193,0,20,3
437,6.218176532,0,7.375,21.16550649,0,20,3
438,6.98502714,0,7.375,26.70784004,0,20,3
439,7.846448857,0,7.375,33.70147179,0,20,3
440,8.814104575,0,7.375,42.52643415,0,20,3
441,9.901095498,0,7.375,53.66227364,0,20,3
442,11.12213853,0,7.375,67.71410936,0,20,3
443,12.4937655,0,7.375,85.44551497,0,20,3
444,14.03454705,0,7.375,107.8200112,0,20,3
445,15.765344,0,7.375,136.0534233,0,20,3
446,17.7095898,0,7.375,171.6799486,0,20,3
447,19.89360784,0,7.375,216.6355248,0,20,3
448,22.34696779,0,7.375,273.3630281,0,20,3
449,25.10288598,0,7.375,344.9450186,0,20,3
450,28.19867512,0,7.375,435.271246,0,20,3
451,31.67624946,0,7.375,549.2500178,0,20,3
452,35.58269229,0,7.375,693.0749155,0,20,3
453,39.97089341,0,7.375,874.5613526,0,20,3
454,44.90026518,0,7.375,1103.571262,0,20,3
455,50.43754697,0,7.375,1392.548993,0,20,3
456,56.65770867,0,7.375,1757.197532,0,20,3
457,63.6449658,0,7.375,2217.331801,0,20,3
458,71.49391967,0,7.375,2797.955395,0,20,3
459,80.31083817,0,7.375,3530.619274,0,20,3
460,90.21509463,0,7.375,4455.136232,0,20,3
461,101.3407839,0,7.375,5621.74432,0,20,3
462,113.8385381,0,7.375,7093.836765,0,20,3
463,127.8775657,0,7.375,8951.406749,0,20,3
464,143.6479429,0,7.375,11295.39422,0,20,3
465,161.3631865,0,7.375,14253.17094,0,20,3
466,181.2631455,0,7.375,17985.46186,0,20,3
467,203.6172476,0,7.375,22695.07884,0,20,3
468,228.7281477,0,7.375,28637.94145,0,20,3
469,256.9358254,0,7.375,36136.98353,0,20,3
470,288.6221876,0,7.375,45599.70141,0,20,3
471,324.2162398,0,7.375,57540.29709,0,20,3
472,364.199894,0,7.375,72607.61993,0,20,3
473,409.1144937,0,7.375,91620.42497,0,20,3
474,459.5681431,0,7.375,115611.8639,0,20,3
475,516.2439399,0,7.375,145885.6262,0,20,3
476,579.9092246,0,7.375,184086.7816,0,20,3
477,651.4259689,0,7.375,232291.1724,0,20,3
478,731.7624466,0,7.375,293118.2148,0,20,3
479,822.0063426,0,7.375,369873.2369,0,20,3
480,923.37948,0,7.375,466727.0898,0,20,3
481,1037.254361,0,7.375,588942.7908,0,20,3
482,1165.172752,0,7.375,743161.5143,0,20,3
483,1308.866555,0,7.375,937763.472,0,20,3
484,1470.281258,0,7.375,1183323.292,0,20,3
485,1651.602272,0,7.375,1493184.641,0,20,3
486,1855.284525,0,7.375,1884185.317,0,20,3
487,2084.085695,0,7.375,2377572.211,0,20,3
488,2341.103548,0,7.375,3000155.859,0,20,3
489,2629.817879,0,7.375,3785767.321,0,20,3
490,2954.137626,0,7.375,4777096.552,0,20,3
491,3318.453792,0,7.375,6028012.165,0,20,3
492,3727.698897,0,7.375,7606488.641,0,20,3
493,4187.413759,0,7.375,9598300.048,0,20,3
494,4703.822511,0,7.375,12111680.98,0,20,3
495,5283.916873,0,7.375,15283208.01,0,20,3
496,5935.550812,0,7.375,19285221.22,0,20,3
497,6667.546876,0,7.375,24335189.14,0,20,3
498,7489.815647,0,7.375,30707525.92,0,20,3
499,8413.489919,0,7.375,38748502.95,0,20,3
500,9451.075427,0,7.375,48895065.15,0,20,3
501,0,0,8.125,0.023561945,0.75,20,1
502,0.106166202,0,8.125,0.006169857,0,20,3
503,0.119259046,0,8.125,0.007785477,0,20,3
504,0.133966552,0,8.125,0.009824158,0,20,3
505,0.150487848,0,8.125,0.012396681,0,20,3
506,0.169046616,0,8.125,0.015642838,0,20,3
507,0.189894127,0,8.125,0.019739022,0,20,3
508,0.213312636,0,8.125,0.024907821,0,20,3
509,0.239619211,0,8.125,0.031430105,0,20,3
510,0.269170018,0,8.125,0.039660295,0,20,3
511,0.30236515,0,8.125,0.050045616,0,20,3
512,0.33965404,0,8.125,0.063150405,0,20,3
513,0.381541546,0,8.125,0.079686773,0,20,3
514,0.428594788,0,8.125,0.100553303,0,20,3
515,0.481450826,0,8.125,0.126883878,0,20,3
516,0.540825284,0,8.125,0.160109295,0,20,3
517,0.607522039,0,8.125,0.202035016,0,20,3
518,0.682444107,0,8.125,0.254939275,0,20,3
519,0.766605866,0,8.125,0.321696879,0,20,3
520,0.861146793,0,8.125,0.405935421,0,20,3
521,0.967346889,0,8.125,0.512232405,0,20,3
522,1.086644009,0,8.125,0.646363986,0,20,3
523,1.22065333,0,8.125,0.815618844,0,20,3
524,1.371189222,0,8.125,1.029194253,0,20,3
525,1.540289807,0,8.125,1.298695852,0,20,3
526,1.730244557,0,8.125,1.6387683,0,20,3
527,1.943625294,0,8.125,2.067891059,0,20,3
528,2.183321004,0,8.125,2.609382566,0,20,3
529,2.452576956,0,8.125,3.292667352,0,20,3
530,2.755038637,0,8.125,4.154874961,0,20,3
531,3.094801113,0,8.125,5.242857568,0,20,3
532,3.476464467,0,8.125,6.615735909,0,20,3
533,3.905196086,0,8.125,8.348111894,0,20,3
534,4.386800617,0,8.125,10.53412245,0,20,3
535,4.927798561,0,8.125,13.29255492,0,20,3
536,5.535514553,0,8.125,16.77330193,0,20,3
537,6.218176532,0,8.125,21.16550649,0,20,3
538,6.98502714,0,8.125,26.70784004,0,20,3
539,7.846448857,0,8.125,33.70147179,0,20,3
540,8.814104575,0,8.125,42.52643415,0,20,3
541,9.901095498,0,8.125,53.66227364,0,20,3
542,11.12213853,0,8.125,67.71410936,0,20,3
543,12.4937655,0,8.125,85.44551497,0,20,3
544,14.03454705,0,8.125,107.8200112,0,20,3
545,15.765344,0,8.125,136.0534233,0,20,3
546,17.7095898,0,8.125,171.6799486,0,20,3
547,19.89360784,0,8.125,216.6355248,0,20,3
548,22.34696779,0,8.125,273.3630281,0,20,3
549,25.10288598,0,8.125,344.9450186,0,20,3
550,28.19867512,0,8.125,435.271246,0,20,3
551,31.67624946,0,8.125,549.2500178,0,20,3
552,35.58269229,0,8.125,693.0749155,0,20,3
553,39.97089341,0,8.125,874.5613526,0,20,3
554,44.90026518,0,8.125,1103.571262,0,20,3
555,50.43754697,0,8.125,1392.548993,0,20,3
556,56.65770867,0,8.125,1757.197532,0,20,3
557,63.6449658,0,8.125,2217.331801,0,20,3
558,71.49391967,0,8.125,2797.955395,0,20,3
559,80.31083817,0,8.125,3530.619274,0,20,3
560,90.21509463,0,8.125,4455.136232,0,20,3
561,101.3407839,0,8.125,5621.74432,0,20,3
562,113.8385381,0,8.125,7093.836765,0,20,3
563,127.8775657,0,8.125,8951.406749,0,20,3
564,143.6479429,0,8.125,11295.39422,0,20,3
565,161.3631865,0,8.125,14253.17094,0,20,3
566,181.2631455,0,8.125,17985.46186,0,20,3
567,203.6172476,0,8.125,22695.07884,0,20,3
568,228.7281477,0,8.125,28637.94145,0,20,3
569,256.9358254,0,8.125,36136.98353,0,20,3
570,288.6221876,0,8.125,45599.70141,0,20,3
571,324.2162398,0,8.125,57540.29709,0,20,3
572,364.199894,0,8.125,72607.61993,0,20,3
573,409.1144937,0,8.125,91620.42497,0,20,3
574,459.5681431,0,8.125,115611.8639,0,20,3
575,516.2439399,0,8.125,145885.6262,0,20,3
576,579.9092246,0,8.125,184086.7816,0,20,3
577,651.4259689,0,8.125,232291.1724,0,20,3
578,731.7624466,0,8.125,293118.2148,0,20,3
579,822.0063426,0,8.125,369873.2369,0,20,3
580,923.37948,0,8.125,466727.0898,0,20,3
581,1037.254361,0,8.125,588942.7908,0,20,3
582,1165.172752,0,8.125,743161.5143,0,20,3
583,1308.866555,0,8.125,937763.472,0,20,3
584,1470.281258,0,8.125,1183323.292,0,20,3
585,1651.602272,0,8.125,1493184.641,0,20,3
586,1855.284525,0,8.125,1884185.317,0,20,3
587,2084.085695,0,8.125,2377572.211,0,20,3
588,2341.103548,0,8.125,3000155.859,0,20,3
589,2629.817879,0,8.125,3785767.321,0,20,3
590,2954.137626,0,8.125,4777096.552,0,20,3
591,3318.453792,0,8.125,6028012.165,0,20,3
592,3727.698897,0,8.125,7606488.641,0,20,3
593,4187.413759,0,8.125,9598300.048,0,20,3
594,4703.822511,0,8.125,12111680.98,0,20,3
595,5283.916873,0,8.125,15283208.01,0,20,3
596,5935.550812,0,8.125,19285221.22,0,20,3
597,6667.546876,0,8.125,24335189.14,0,20,3
598,7489.815647,0,8.125,30707525.92,0,20,3
599,8413.489919,0,8.125,38748502.95,0,20,3
600,9451.075427,0,8.125,48895065.15,0,20,3
601,0,0,8.875,0.023561945,0.75,20,1
602,0.106166202,0,8.875,0.006169857,0,20,3
603,0.119259046,0,8.875,0.007785477,0,20,3
604,0.133966552,0,8.875,0.009824158,0,20,3
605,0.150487848,0,8.875,0.012396681,0,20,3
606,0.169046616,0,8.875,0.015642838,0,20,3
607,0.189894127,0,8.875,0.019739022,0,20,3
608,0.213312636,0,8.875,0.024907821,0,20,3
609,0.239619211,0,8.875,0.031430105,0,20,3
610,0.269170018,0,8.875,0.039660295,0,20,3
611,0.30236515,0,8.875,0.050045616,0,20,3
612,0.33965404,0,8.875,0.063150405,0,20,3
613,0.381541546,0,8.875,0.079686773,0,20,3
614,0.428594788,0,8.875,0.100553303,0,20,3
615,0.481450826,0,8.875,0.126883878,0,20,3
616,0.540825284,0,8.875,0.160109295,0,20,3
617,0.607522039,0,8.875,0.202035016,0,20,3
618,0.682444107,0,8.875,0.254939275,0,20,3
619,0.766605866,0,8.875,0.321696879,0,20,3
620,0.861146793,0,8.875,0.405935421,0,20,3
621,0.967346889,0,8.875,0.512232405,0,20,3
622,1.086644009,0,8.875,0.646363986,0,20,3
623,1.22065333,0,8.875,0.815618844,0,20,3
624,1.371189222,0,8.875,1.029194253,0,20,3
625,1.540289807,0,8.875,1.298695852,0,20,3
626,1.730244557,0,8.875,1.6387683,0,20,3
627,1.943625294,0,8.875,2.067891059,0,20,3
628,2.183321004,0,8.875,2.609382566,0,20,3
629,2.452576956,0,8.875,3.292667352,0,20,3
630,2.755038637,0,8.875,4.154874961,0,20,3
631,3.094801113,0,8.875,5.242857568,0,20,3
632,3.476464467,0,8.875,6.615735909,0,20,3
633,3.905196086,0,8.875,8.348111894,0,20,3
634,4.386800617,0,8.875,10.53412245,0,20,3
635,4.927798561,0,8.875,13.29255492,0,20,3
636,5.535514553,0,8.875,16.77330193,0,20,3
637,6.218176532,0,8.875,21.16550649,0,20,3
638,6.98502714,0,8.875,26.70784004,0,20,3
639,7.846448857,0,8.875,33.70147179,0,20,3
640,8.814104575,0,8.875,42.52643415,0,20,3
641,9.901095498,0,8.875,53.66227364,0,20,3
642,11.12213853,0,8.875,67.71410936,0,20,3
643,12.4937655,0,8.875,85.44551497,0,20,3
644,14.03454705,0,8.875,107.8200112,0,20,3
645,15.765344,0,8.875,136.0534233,0,20,3
646,17.7095898,0,8.875,171.6799486,0,20,3
647,19.89360784,0,8.875,216.6355248,0,20,3
648,22.34696779,0,8.875,273.3630281,0,20,3
649,25.10288598,0,8.875,344.9450186,0,20,3
650,28.19867512,0,8.875,435.271246,0,20,3
651,31.67624946,0,8.875,549.2500178,0,20,3
652,35.58269229,0,8.875,693.0749155,0,20,3
653,39.97089341,0,8.875,874.5613526,0,20,3
654,44.90026518,0,8.875,1103.571262,0,20,3
655,50.43754697,0,8.875,1392.548993,0,20,3
656,56.65770867,0,8.875,1757.197532,0,20,3
657,63.6449658,0,8.875,2217.331801,0,20,3
658,71.49391967,0,8.875,2797.955395,0,20,3
659,80.31083817,0,8.875,3530.619274,0,20,3
660,90.21509463,0,8.875,4455.136232,0,20,3
661,101.3407839,0,8.875,5621.74432,0,20,3
662,113.8385381,0,8.875,7093.836765,0,20,3
663,127.8775657,0,8.875,8951.406749,0,20,3
664,143.6479429,0,8.875,11295.39422,0,20,3
665,161.3631865,0,8.875,14253.17094,0,20,3
666,181.2631455,0,8.875,17985.46186,0,20,3
667,203.6172476,0,8.875,22695.07884,0,20,3
668,228.7281477,0,8.875,28637.94145,0,20,3
669,256.9358254,0,8.875,36136.98353,0,20,3
670,288.6221876,0,8.875,45599.70141,0,20,3
671,324.2162398,0,8.875,57540.29709,0,20,3
672,364.199894,0,8.875,72607.61993,0,20,3
673,409.1144937,0,8.875,91620.42497,0,20,3
674,459.5681431,0,8.875,115611.8639,0,20,3
675,516.2439399,0,8.875,145885.6262,0,20,3
676,579.9092246,0,8.875,184086.7816,0,20,3
677,651.4259689,0,8.875,232291.1724,0,20,3
678,731.7624466,0,8.875,293118.2148,0,20,3
679,822.0063426,0,8.875,369873.2369,0,20,3
680,923.37948,0,8.875,466727.0898,0,20,3
681,1037.254361,0,8.875,588942.7908,0,20,3
682,1165.172752,0,8.875,743161.5143,0,20,3
683,1308.866555,0,8.875,937763.472,0,20,3
684,1470.281258,0,8.875,1183323.292,0,20,3
685,1651.602272,0,8.875,1493184.641,0,20,3
686,1855.284525,0,8.875,1884185.317,0,20,3
687,2084.085695,0,8.875,2377572.211,0,20,3
688,2341.103548,0,8.875,3000155.859,0,20,3
689,2629.817879,0,8.875,3785767.321,0,20,3
690,2954.137626,0,8.875,4777096.552,0,20,3
691,3318.453792,0,8.875,6028012.165,0,20,3
692,3727.698897,0,8.875,7606488.641,0,20,3
693,4187.413759,0,8.875,9598300.048,0,20,3
694,4703.822511,0,8.875,12111680.98,0,20,3
695,5283.916873,0,8.875,15283208.01,0,20,3
696,5935.550812,0,8.875,19285221.22,0,20,3
697,6667.546876,0,8.875,24335189.14,0,20,3
698,7489.815647,0,8.875,30707525.92,0,20,3
699,8413.489919,0,8.875,38748502.95,0,20,3
700,9451.075427,0,8.875,48895065.15,0,20,3
701,0,0,9.625,0.023561945,0.75,20,1
702,0.106166202,0,9.625,0.006169857,0,20,3
703,0.119259046,0,9.625,0.007785477,0,20,3
704,0.133966552,0,9.625,0.009824158,0,20,3
705,0.150487848,0,9.625,0.012396681,0,20,3
706,0.169046616,0,9.625,0.015642838,0,20,3
707,0.189894127,0,9.625,0.019739022,0,20,3
708,0.213312636,0,9.625,0.024907821,0,20,3
709,0.239619211,0,9.625,0.031430105,0,20,3
710,0.269170018,0,9.625,0.039660295,0,20,3
711,0.30236515,0,9.625,0.050045616,0,20,3
712,0.33965404,0,9.625,0.063150405,0,20,3
713,0.381541546,0,9.625,0.079686773,0,20,3
714,0.428594788,0,9.625,0.100553303,0,20,3
715,0.481450826,0,9.625,0.126883878,0,20,3
716,0.540825284,0,9.625,0.160109295,0,20,3
717,0.607522039,0,9.625,0.202035016,0,20,3
718,0.682444107,0,9.625,0.254939275,0,20,3
719,0.766605866,0,9.625,0.321696879,0,20,3
720,0.861146793,0,9.625,0.405935421,0,20,3
721,0.967346889,0,9.625,0.512232405,0,20,3
722,1.086644009,0,9.625,0.646363986,0,20,3
723,1.22065333,0,9.625,0.815618844,0,20,3
724,1.371189222,0,9.625,1.029194253,0,20,3
725,1.540289807,0,9.625,1.298695852,0,20,3
726,1.730244557,0,9.625,1.6387683,0,20,3
727,1.943625294,0,9.625,2.067891059,0,20,3
728,2.183321004,0,9.625,2.609382566,0,20,3
729,2.452576956,0,9.625,3.292667352,0,20,3
730,2.755038637,0,9.625,4.154874961,0,20,3
731,3.094801113,0,9.625,5.242857568,0,20,3
732,3.476464467,0,9.625,6.615735909,0,20,3
733,3.905196086,0,9.625,8.348111894,0,20,3
734,4.386800617,0,9.625,10.53412245,0,20,3
735,4.927798561,0,9.625,13.29255492,0,20,3
736,5.535514553,0,9.625,16.77330193,0,20,3
737,6.218176532,0,9.625,21.16550649,0,20,3
738,6.98502714,0,9.625,26.70784004,0,20,3
739,7.846448857,0,9.625,33.70147179,0,20,3
740,8.814104575,0,9.625,42.52643415,0,20,3
741,9.901095498,0,9.625,53.66227364,0,20,3
742,11.12213853,0,9.625,67.71410936,0,20,3
743,12.4937655,0,9.625,85.44551497,0,20,3
744,14.03454705,0,9.625,107.8200112,0,20,3
745,15.765344,0,9.625,136.0534233,0,20,3
746,17.7095898,0,9.625,171.6799486,0,20,3
747,19.89360784,0,9.625,216.6355248,0,20,3
748,22.34696779,0,9.625,273.3630281,0,20,3
749,25.10288598,0,9.625,344.9450186,0,20,3
750,28.19867512,0,9.625,435.271246,0,20,3
751,31.67624946,0,9.625,549.2500178,0,20,3
752,35.58269229,0,9.625,693.0749155,0,20,3
753,39.97089341,0,9.625,874.5613526,0,20,3
754,44.90026518,0,9.625,1103.571262,0,20,3
755,50.43754697,0,9.625,1392.548993,0,20,3
756,56.65770867,0,9.625,1757.197532,0,20,3
757,63.6449658,0,9.625,2217.331801,0,20,3
758,71.49391967,0,9.625,2797.955395,0,20,3
759,80.31083817,0,9.625,3530.619274,0,20,3
760,90.21509463,0,9.625,4455.136232,0,20,3
761,101.3407839,0,9.625,5621.74432,0,20,3
762,113.8385381,0,9.625,7093.836765,0,20,3
763,127.8775657,0,9.625,8951.406749,0,20,3
764,143.6479429,0,9.625,11295.39422,0,20,3
765,161.3631865,0,9.625,14253.17094,0,20,3
766,181.2631455,0,9.625,17985.46186,0,20,3
767,203.6172476,0,9.625,22695.07884,0,20,3
768,228.7281477,0,9.625,28637.94145,0,20,3
769,256.9358254,0,9.625,36136.98353,0,20,3
770,288.6221876,0,9.625,45599.70141,0,20,3
771,324.2162398,0,9.625,57540.29709,0,20,3
772,364.199894,0,9.625,72607.61993,0,20,3
773,409.1144937,0,9.625,91620.42497,0,20,3
774,459.5681431,0,9.625,115611.8639,0,20,3
775,516.2439399,0,9.625,145885.6262,0,20,3
776,579.9092246,0,9.625,184086.7816,0,20,3
777,651.4259689,0,9.625,232291.1724,0,20,3
778,731.7624466,0,9.625,293118.2148,0,20,3
779,822.0063426,0,9.625,369873.2369,0,20,3
780,923.37948,0,9.625,466727.0898,0,20,3
781,1037.254361,0,9.625,588942.7908,0,20,3
782,1165.172752,0,9.625,743161.5143,0,20,3
783,1308.866555,0,9.625,937763.472,0,20,3
784,1470.281258,0,9.625,1183323.292,0,20,3
785,1651.602272,0,9.625,1493184.641,0,20,3
786,1855.284525,0,9.625,1884185.317,0,20,3
787,2084.085695,0,9.625,2377572.211,0,20,3
788,2341.103548,0,9.625,3000155.859,0,20,3
789,2629.817879,0,9.625,3785767.321,0,20,3
790,2954.137626,0,9.625,4777096.552,0,20,3
791,3318.453792,0,9.625,6028012.165,0,20,3
792,3727.698897,0,9.625,7606488.641,0,20,3
793,4187.413759,0,9.625,9598300.048,0,20,3
794,4703.822511,0,9.625,12111680.98,0,20,3
795,5283.916873,0,9.625,15283208.01,0,20,3
796,5935.550812,0,9.625,19285221.22,0,20,3
797,6667.546876,0,9.625,24335189.14,0,20,3
798,7489.815647,0,9.625,30707525.92,0,20,3
799,8413.489919,0,9.625,38748502.95,0,20,3
800,9451.075427,0,9.625,48895065.15,0,20,3
801,0,0,10.625,0.039269908,1.25,20,1
802,0.106166202,0,10.625,0.010283096,0,20,4
803,0.119259046,0,10.625,0.012975795,0,20,4
804,0.133966552,0,10.625,0.016373596,0,20,4
805,0.150487848,0,10.625,0.020661135,0,20,4
806,0.169046616,0,10.625,0.026071396,0,20,4
807,0.189894127,0,10.625,0.03289837,0,20,4
808,0.213312636,0,10.625,0.041513035,0,20,4
809,0.239619211,0,10.625,0.052383509,0,20,4
810,0.269170018,0,10.625,0.066100491,0,20,4
811,0.30236515,0,10.625,0.08340936,0,20,4
812,0.33965404,0,10.625,0.105250675,0,20,4
813,0.381541546,0,10.625,0.132811289,0,20,4
814,0.428594788,0,10.625,0.167588839,0,20,4
815,0.481450826,0,10.625,0.21147313,0,20,4
816,0.540825284,0,10.625,0.266848824,0,20,4
817,0.607522039,0,10.625,0.336725026,0,20,4
818,0.682444107,0,10.625,0.424898792,0,20,4
819,0.766605866,0,10.625,0.536161465,0,20,4
820,0.861146793,0,10.625,0.676559035,0,20,4
821,0.967346889,0,10.625,0.853720675,0,20,4
822,1.086644009,0,10.625,1.07727331,0,20,4
823,1.22065333,0,10.625,1.359364741,0,20,4
824,1.371189222,0,10.625,1.715323755,0,20,4
825,1.540289807,0,10.625,2.164493087,0,20,4
826,1.730244557,0,10.625,2.7312805,0,20,4
827,1.943625294,0,10.625,3.446485098,0,20,4
828,2.183321004,0,10.625,4.348970943,0,20,4
829,2.452576956,0,10.625,5.487778919,0,20,4
830,2.755038637,0,10.625,6.924791602,0,20,4
831,3.094801113,0,10.625,8.738095947,0,20,4
832,3.476464467,0,10.625,11.02622652,0,20,4
833,3.905196086,0,10.625,13.91351982,0,20,4
834,4.386800617,0,10.625,17.55687076,0,20,4
835,4.927798561,0,10.625,22.15425821,0,20,4
836,5.535514553,0,10.625,27.95550321,0,20,4
837,6.218176532,0,10.625,35.27584414,0,20,4
838,6.98502714,0,10.625,44.51306674,0,20,4
839,7.846448857,0,10.625,56.16911965,0,20,4
840,8.814104575,0,10.625,70.87739025,0,20,4
841,9.901095498,0,10.625,89.43712274,0,20,4
842,11.12213853,0,10.625,112.8568489,0,20,4
843,12.4937655,0,10.625,142.4091916,0,20,4
844,14.03454705,0,10.625,179.7000187,0,20,4
845,15.765344,0,10.625,226.7557054,0,20,4
846,17.7095898,0,10.625,286.1332477,0,20,4
847,19.89360784,0,10.625,361.0592081,0,20,4
848,22.34696779,0,10.625,455.6050469,0,20,4
849,25.10288598,0,10.625,574.9083644,0,20,4
850,28.19867512,0,10.625,725.4520767,0,20,4
851,31.67624946,0,10.625,915.4166963,0,20,4
852,35.58269229,0,10.625,1155.124859,0,20,4
853,39.97089341,0,10.625,1457.602254,0,20,4
854,44.90026518,0,10.625,1839.285437,0,20,4
855,50.43754697,0,10.625,2320.914989,0,20,4
856,56.65770867,0,10.625,2928.662554,0,20,4
857,63.6449658,0,10.625,3695.553002,0,20,4
858,71.49391967,0,10.625,4663.258992,0,20,4
859,80.31083817,0,10.625,5884.365457,0,20,4
860,90.21509463,0,10.625,7425.227054,0,20,4
861,101.3407839,0,10.625,9369.573866,0,20,4
862,113.8385381,0,10.625,11823.06127,0,20,4
863,127.8775657,0,10.625,14919.01125,0,20,4
864,143.6479429,0,10.625,18825.65703,0,20,4
865,161.3631865,0,10.625,23755.2849,0,20,4
866,181.2631455,0,10.625,29975.76977,0,20,4
867,203.6172476,0,10.625,37825.1314,0,20,4
868,228.7281477,0,10.625,47729.90242,0,20,4
869,256.9358254,0,10.625,60228.30589,0,20,4
870,288.6221876,0,10.625,75999.50234,0,20,4
871,324.2162398,0,10.625,95900.49514,0,20,4
872,364.199894,0,10.625,121012.6999,0,20,4
873,409.1144937,0,10.625,152700.7083,0,20,4
874,459.5681431,0,10.625,192686.4398,0,20,4
875,516.2439399,0,10.625,243142.7103,0,20,4
876,579.9092246,0,10.625,306811.3026,0,20,4
877,651.4259689,0,10.625,387151.954,0,20,4
878,731.7624466,0,10.625,488530.3579,0,20,4
879,822.0063426,0,10.625,616455.3948,0,20,4
880,923.37948,0,10.625,777878.483,0,20,4
881,1037.254361,0,10.625,981571.3179,0,20,4
882,1165.172752,0,10.625,1238602.524,0,20,4
883,1308.866555,0,10.625,1562939.12,0,20,4
884,1470.281258,0,10.625,1972205.486,0,20,4
885,1651.602272,0,10.625,2488641.068,0,20,4
886,1855.284525,0,10.625,3140308.861,0,20,4
887,2084.085695,0,10.625,3962620.351,0,20,4
888,2341.103548,0,10.625,5000259.765,0,20,4
889,2629.817879,0,10.625,6309612.202,0,20,4
890,2954.137626,0,10.625,7961827.586,0,20,4
891,3318.453792,0,10.625,10046686.94,0,20,4
892,3727.698897,0,10.625,12677481.07,0,20,4
893,4187.413759,0,10.625,15997166.75,0,20,4
894,4703.822511,0,10.625,20186134.97,0,20,4
895,5283.916873,0,10.625,25472013.35,0,20,4
896,5935.550812,0,10.625,32142035.37,0,20,4
897,6667.546876,0,10.625,40558648.57,0,20,4
898,7489.815647,0,10.625,51179209.87,0,20,4
899,8413.489919,0,10.625,64580838.24,0,20,4
900,9451.075427,0,10.625,81491775.25,0,20,4
901,0,0,11.875,0.039269908,1.25,20,1
902,0.106166202,0,11.875,0.010283096,0,20,4
903,0.119259046,0,11.875,0.012975795,0,20,4
904,0.133966552,0,11.875,0.016373596,0,20,4
905,0.150487848,0,11.875,0.020661135,0,20,4
906,0.169046616,0,11.875,0.026071396,0,20,4
907,0.189894127,0,11.875,0.03289837,0,20,4
908,0.213312636,0,11.875,0.041513035,0,20,4
909,0.239619211,0,11.875,0.052383509,0,20,4
910,0.269170018,0,11.875,0.066100491,0,20,4
911,0.30236515,0,11.875,0.08340936,0,20,4
912,0.33965404,0,11.875,0.105250675,0,20,4
913,0.381541546,0,11.875,0.132811289,0,20,4
914,0.428594788,0,11.875,0.167588839,0,20,4
915,0.481450826,0,11.875,0.21147313,0,20,4
916,0.540825284,0,11.875,0.266848824,0,20,4
917,0.607522039,0,11.875,0.336725026,0,20,4
918,0.682444107,0,11.875,0.424898792,0,20,4
919,0.766605866,0,11.875,0.536161465,0,20,4
920,0.861146793,0,11.875,0.676559035,0,20,4
921,0.967346889,0,11.875,0.853720675,0,20,4
922,1.086644009,0,11.875,1.07727331,0,20,4
923,1.22065333,0,11.875,1.359364741,0,20,4
924,1.371189222,0,11.875,1.715323755,0,20,4
925,1.540289807,0,11.875,2.164493087,0,20,4
926,1.730244557,0,11.875,2.7312805,0,20,4
927,1.943625294,0,11.875,3.446485098,0,20,4
928,2.183321004,0,11.875,4.348970943,0,20,4
929,2.452576956,0,11.875,5.487778919,0,20,4
930,2.755038637,0,11.875,6.924791602,0,20,4
931,3.094801113,0,11.875,8.738095947,0,20,4
932,3.476464467,0,11.875,11.02622652,0,20,4
933,3.905196086,0,11.875,13.91351982,0,20,4
934,4.386800617,0,11.875,17.55687076,0,20,4
935,4.927798561,0,11.875,22.15425821,0,20,4
936,5.535514553,0,11.875,27.95550321,0,20,4
937,6.218176532,0,11.875,35.27584414,0,20,4
938,6.98502714,0,11.875,44.51306674,0,20,4
939,7.846448857,0,11.875,56.16911965,0,20,4
940,8.814104575,0,11.875,70.87739025,0,20,4
941,9.901095498,0,11.875,89.43712274,0,20,4
942,11.12213853,0,11.875,112.8568489,0,20,4
943,12.4937655,0,11.875,142.4091916,0,20,4
944,14.03454705,0,11.875,179.7000187,0,20,4
945,15.765344,0,11.875,226.7557054,0,20,4
946,17.7095898,0,11.875,286.1332477,0,20,4
947,19.89360784,0,11.875,361.0592081,0,20,4
948,22.34696779,0,11.875,455.6050469,0,20,4
949,25.10288598,0,11.875,574.9083644,0,20,4
950,28.19867512,0,11.875,725.4520767,0,20,4
951,31.67624946,0,11.875,915.4166963,0,20,4
952,35.58269229,0,11.875,1155.124859,0,20,4
953,39.97089341,0,11.875,1457.602254,0,20,4
954,44.90026518,0,11.875,1839.285437,0,20,4
955,50.43754697,0,11.875,2320.914989,0,20,4
956,56.65770867,0,11.875,2928.662554,0,20,4
957,63.6449658,0,11.875,3695.553002,0,20,4
958,71.49391967,0,11.875,4663.258992,0,20,4
959,80.31083817,0,11.875,5884.365457,0,20,4
960,90.21509463,0,11.875,7425.227054,0,20,4
961,101.3407839,0,11.875,9369.573866,0,20,4
962,113.8385381,0,11.875,11823.06127,0,20,4
963,127.8775657,0,11.875,14919.01125,0,20,4
964,143.6479429,0,11.875,18825.65703,0,20,4
965,161.3631865,0,11.875,23755.2849,0,20,4
966,181.2631455,0,11.875,29975.76977,0,20,4
967,203.6172476,0,11.875,37825.1314,0,20,4
968,228.7281477,0,11.875,47729.90242,0,20,4
969,256.9358254,0,11.875,60228.30589,0,20,4
970,288.6221876,0,11.875,75999.50234,0,20,4
971,324.2162398,0,11.875,95900.49514,0,20,4
972,364.199894,0,11.875,121012.6999,0,20,4
973,409.1144937,0,11.875,152700.7083,0,20,4
974,459.5681431,0,11.875,192686.4398,0,20,4
975,516.2439399,0,11.875,243142.7103,0,20,4
976,579.9092246,0,11.875,306811.3026,0,20,4
977,651.4259689,0,11.875,387151.954,0,20,4
978,731.7624466,0,11.875,488530.3579,0,20,4
979,822.0063426,0,11.875,616455.3948,0,20,4
980,923.37948,0,11.875,777878.483,0,20,4
981,1037.254361,0,11.875,981571.3179,0,20,4
982,1165.172752,0,11.875,1238602.524,0,20,4
983,1308.866555,0,11.875,1562939.12,0,20,4
984,1470.281258,0,11.875,1972205.486,0,20,4
985,1651.602272,0,11.875,2488641.068,0,20,4
986,1855.284525,0,11.875,3140308.861,0,20,4
987,2084.085695,0,11.875,3962620.351,0,20,4
988,2341.103548,0,11.875,5000259.765,0,20,4
989,2629.817879,0,11.875,6309612.202,0,20,4
990,2954.137626,0,11.875,7961827.586,0,20,4
991,3318.453792,0,11.875,10046686.94,0,20,4
992,3727.698897,0,11.875,12677481.07,0,20,4
993,4187.413759,0,11.875,15997166.75,0,20,4
994,4703.822511,0,11.875,20186134.97,0,20,4
995,5283.916873,0,11.875,25472013.35,0,20,4
996,5935.550812,0,11.875,32142035.37,0,20,4
997,6667.546876,0,11.875,40558648.57,0,20,4
998,7489.815647,0,11.875,51179209.87,0,20,4
999,8413.489919,0,11.875,64580838.24,0,20,4
1000,9451.075427,0,11.875,81491775.25,0,20,4
1001,0,0,13.125,0.039269908,1.25,20,1
1002,0.106166202,0,13.125,0.010283096,0,20,4
1003,0.119259046,0,13.125,0.012975795,0,20,4
1004,0.133966552,0,13.125,0.016373596,0,20,4
1005,0.150487848,0,13.125,0.020661135,0,20,4
1006,0.169046616,0,13.125,0.026071396,0,20,4
1007,0.189894127,0,13.125,0.03289837,0,20,4
1008,0.213312636,0,13.125,0.041513035,0,20,4
1009,0.239619211,0,13.125,0.052383509,0,20,4
1010,0.269170018,0,13.125,0.066100491,0,20,4
1011,0.30236515,0,13.125,0.08340936,0,20,4
1012,0.33965404,0,13.125,0.105250675,0,20,4
1013,0.381541546,0,13.125,0.132811289,0,20,4
1014,0.428594788,0,13.125,0.167588839,0,20,4
1015,0.481450826,0,13.125,0.21147313,0,20,4
1016,0.540825284,0,13.125,0.266848824,0,20,4
1017,0.607522039,0,13.125,0.336725026,0,20,4
1018,0.682444107,0,13.125,0.424898792,0,20,4
1019,0.766605866,0,13.125,0.536161465,0,20,4
1020,0.861146793,0,13.125,0.676559035,0,20,4
1021,0.967346889,0,13.125,0.853720675,0,20,4
1022,1.086644009,0,13.125,1.07727331,0,20,4
1023,1.22065333,0,13.125,1.359364741,0,20,4
1024,1.371189222,0,13.125,1.715323755,0,20,4
1025,1.540289807,0,13.125,2.164493087,0,20,4
1026,1.730244557,0,13.125,2.7312805,0,20,4
1027,1.943625294,0,13.125,3.446485098,0,20,4
1028,2.183321004,0,13.125,4.348970943,0,20,4
1029,2.452576956,0,13.125,5.487778919,0,20,4
1030,2.755038637,0,13.125,6.924791602,0,20,4
1031,3.094801113,0,13.125,8.738095947,0,20,4
1032,3.476464467,0,13.125,11.02622652,0,20,4
1033,3.905196086,0,13.125,13.91351982,0,20,4
1034,4.386800617,0,13.125,17.55687076,0,20,4
1035,4.927798561,0,13.125,22.15425821,0,20,4
1036,5.535514553,0,13.125,27.95550321,0,20,4
1037,6.218176532,0,13.125,35.27584414,0,20,4
1038,6.98502714,0,13.125,44.51306674,0,20,4
1039,7.846448857,0,13.125,56.16911965,0,20,4
1040,8.814104575,0,13.125,70.87739025,0,20,4
1041,9.901095498,0,13.125,89.43712274,0,20,4
1042,11.12213853,0,13.125,112.8568489,0,20,4
1043,12.4937655,0,13.125,142.4091916,0,20,4
1044,14.03454705,0,13.125,179.7000187,0,20,4
1045,15.765344,0,13.125,226.7557054,0,20,4
1046,17.7095898,0,13.125,286.1332477,0,20,4
1047,19.89360784,0,13.125,361.0592081,0,20,4
1048,22.34696779,0,13.125,455.6050469,0,20,4
1049,25.10288598,0,13.125,574.9083644,0,20,4
1050,28.19867512,0,13.125,725.4520767,0,20,4
1051,31.67624946,0,13.125,915.4166963,0,20,4
1052,35.58269229,0,13.125,1155.124859,0,20,4
1053,39.97089341,0,13.125,1457.602254,0,20,4
1054,44.90026518,0,13.125,1839.285437,0,20,4
1055,50.43754697,0,13.125,2320.914989,0,20,4
1056,56.65770867,0,13.125,2928.662554,0,20,4
1057,63.6449658,0,13.125,3695.553002,0,20,4
1058,71.49391967,0,13.125,4663.258992,0,20,4
1059,80.31083817,0,13.125,5884.365457,0,20,4
1060,90.21509463,0,13.125,7425.227054,0,20,4
1061,101.3407839,0,13.125,9369.573866,0,20,4
1062,113.8385381,0,13.125,11823.06127,0,20,4
1063,127.8775657,0,13.125,14919.01125,0,20,4
1064,143.6479429,0,13.125,18825.65703,0,20,4
1065,161.3631865,0,13.125,23755.2849,0,20,4
1066,181.2631455,0,13.125,29975.76977,0,20,4
1067,203.6172476,0,13.125,37825.1314,0,20,4
1068,228.7281477,0,13.125,47729.90242,0,20,4
1069,256.9358254,0,13.125,60228.30589,0,20,4
1070,288.6221876,0,13.125,75999.50234,0,20,4
1071,324.2162398,0,13.125,95900.49514,0,20,4
1072,364.199894,0,13.125,121012.6999,0,20,4
1073,409.1144937,0,13.125,152700.7083,0,20,4
1074,459.5681431,0,13.125,192686.4398,0,20,4
1075,516.2439399,0,13.125,243142.7103,0,20,4
1076,579.9092246,0,13.125,306811.3026,0,20,4
1077,651.4259689,0,13.125,387151.954,0,20,4
1078,731.7624466,0,13.125,488530.3579,0,20,4
1079,822.0063426,0,13.125,616455.3948,0,20,4
1080,923.37948,0,13.125,777878.483,0,20,4
1081,1037.254361,0,13.125,981571.3179,0,20,4
1082,1165.172752,0,13.125,1238602.524,0,20,4
1083,1308.866555,0,13.125,1562939.12,0,20,4
1084,1470.281258,0,13.125,1972205.486,0,20,4
1085,1651.602272,0,13.125,2488641.068,0,20,4
1086,1855.284525,0,13.125,3140308.861,0,20,4
1087,2084.085695,0,13.125,3962620.351,0,20,4
1088,2341.103548,0,13.125,5000259.765,0,20,4
1089,2629.817879,0,13.125,6309612.202,0,20,4
1090,2954.137626,0,13.125,7961827.586,0,20,4
1091,3318.453792,0,13.125,10046686.94,0,20,4
1092,3727.698897,0,13.125,12677481.07,0,20,4
1093,4187.413759,0,13.125,15997166.75,0,20,4
1094,4703.822511,0,13.125,20186134.97,0,20,4
1095,5283.916873,0,13.125,25472013.35,0,20,4
1096,5935.550812,0,13.125,32142035.37,0,20,4
1097,6667.546876,0,13.125,40558648.57,0,20,4
1098,7489.815647,0,13.125,51179209.87,0,20,4
1099,8413.489919,0,13.125,64580838.24,0,20,4
1100,9451.075427,0,13.125,81491775.25,0,20,4
1101,0,0,14.375,0.039269908,1.25,20,1
1102,0.106166202,0,14.375,0.010283096,0,20,4
1103,0.119259046,0,14.375,0.012975795,0,20,4
1104,0.133966552,0,14.375,0.016373596,0,20,4
1105,0.150487848,0,14.375,0.020661135,0,20,4
1106,0.169046616,0,14.375,0.026071396,0,20,4
1107,0.189894127,0,14.375,0.03289837,0,20,4
1108,0.213312636,0,14.375,0.041513035,0,20,4
1109,0.239619211,0,14.375,0.052383509,0,20,4
1110,0.269170018,0,14.375,0.066100491,0,20,4
1111,0.30236515,0,14.375,0.08340936,0,20,4
1112,0.33965404,0,14.375,0.105250675,0,20,4
1113,0.381541546,0,14.375,0.132811289,0,20,4
1114,0.428594788,0,14.375,0.167588839,0,20,4
1115,0.481450826,0,14.375,0.21147313,0,20,4
1116,0.540825284,0,14.375,0.266848824,0,20,4
1117,0.607522039,0,14.375,0.336725026,0,20,4
1118,0.682444107,0,14.375,0.424898792,0,20,4
1119,0.766605866,0,14.375,0.536161465,0,20,4
1120,0.861146793,0,14.375,0.676559035,0,20,4
1121,0.967346889,0,14.375,0.853720675,0,20,4
1122,1.086644009,0,14.375,1.07727331,0,20,4
1123,1.22065333,0,14.375,1.359364741,0,20,4
1124,1.371189222,0,14.375,1.715323755,0,20,4
1125,1.540289807,0,14.375,2.164493087,0,20,4
1126,1.730244557,0,14.375,2.7312805,0,20,4
1127,1.943625294,0,14.375,3.446485098,0,20,4
1128,2.183321004,0,14.375,4.348970943,0,20,4
1129,2.452576956,0,14.375,5.487778919,0,20,4
1130,2.755038637,0,14.375,6.924791602,0,20,4
1131,3.094801113,0,14.375,8.738095947,0,20,4
1132,3.476464467,0,14.375,11.02622652,0,20,4
1133,3.905196086,0,14.375,13.91351982,0,20,4
1134,4.386800617,0,14.375,17.55687076,0,20,4
1135,4.927798561,0,14.375,22.15425821,0,20,4
1136,5.535514553,0,14.375,27.95550321,0,20,4
1137,6.218176532,0,14.375,35.27584414,0,20,4
1138,6.98502714,0,14.375,44.51306674,0,20,4
1139,7.846448857,0,14.375,56.16911965,0,20,4
1140,8.814104575,0,14.375,70.87739025,0,20,4
1141,9.901095498,0,14.375,89.43712274,0,20,4
1142,11.12213853,0,14.375,112.8568489,0,20,4
1143,12.4937655,0,14.375,142.4091916,0,20,4
1144,14.03454705,0,14.375,179.7000187,0,20,4
1145,15.765344,0,14.375,226.7557054,0,20,4
1146,17.7095898,0,14.375,286.1332477,0,20,4
1147,19.89360784,0,14.375,361.0592081,0,20,4
1148,22.34696779,0,14.375,455.6050469,0,20,4
1149,25.10288598,0,14.375,574.9083644,0,20,4
1150,28.19867512,0,14.375,725.4520767,0,20,4
1151,31.67624946,0,14.375,915.4166963,0,20,4
1152,35.58269229,0,14.375,1155.124859,0,20,4
1153,39.97089341,0,14.375,1457.602254,0,20,4
1154,44.90026518,0,14.375,1839.285437,0,20,4
1155,50.43754697,0,14.375,2320.914989,0,20,4
1156,56.65770867,0,14.375,2928.662554,0,20,4
1157,63.6449658,0,14.375,3695.553002,0,20,4
1158,71.49391967,0,14.375,4663.258992,0,20,4
1159,80.31083817,0,14.375,5884.365457,0,20,4
1160,90.21509463,0,14.375,7425.227054,0,20,4
1161,101.3407839,0,14.375,9369.573866,0,20,4
1162,113.8385381,0,14.375,11823.06127,0,20,4
1163,127.8775657,0,14.375,14919.01125,0,20,4
1164,143.6479429,0,14.375,18825.65703,0,20,4
1165,161.3631865,0,14.375,23755.2849,0,20,4
1166,181.2631455,0,14.375,29975.76977,0,20,4
1167,203.6172476,0,14.375,37825.1314,0,20,4
1168,228.7281477,0,14.375,47729.90242,0,20,4
1169,256.9358254,0,14.375,60228.30589,0,20,4
1170,288.6221876,0,14.375,75999.50234,0,20,4
1171,324.2162398,0,14.375,95900.49514,0,20,4
1172,364.199894,0,14.375,121012.6999,0,20,4
1173,409.1144937,0,14.375,152700.7083,0,20,4
1174,459.5681431,0,14.375,192686.4398,0,20,4
1175,516.2439399,0,14.375,243142.7103,0,20,4
1176,579.9092246,0,14.375,306811.3026,0,20,4
1177,651.4259689,0,14.375,387151.954,0,20,4
1178,731.7624466,0,14.375,488530.3579,0,20,4
1179,822.0063426,0,14.375,616455.3948,0,20,4
1180,923.37948,0,14.375,777878.483,0,20,4
1181,1037.254361,0,14.375,981571.3179,0,20,4
1182,1165.172752,0,14.375,1238602.524,0,20,4
1183,1308.866555,0,14.375,1562939.12,0,20,4
1184,1470.281258,0,14.375,1972205.486,0,20,4
1185,1651.602272,0,14.375,2488641.068,0,20,4
1186,1855.284525,0,14.375,3140308.861,0,20,4
1187,2084.085695,0,14.375,3962620.351,0,20,4
1188,2341.103548,0,14.375,5000259.765,0,20,4
1189,2629.817879,0,14.375,6309612.202,0,20,4
1190,2954.137626,0,14.375,7961827.586,0,20,4
1191,3318.453792,0,14.375,10046686.94,0,20,4
1192,3727.698897,0,14.375,12677481.07,0,20,4
1193,4187.413759,0,14.375,15997166.75,0,20,4
1194,4703.822511,0,14.375,20186134.97,0,20,4
1195,5283.916873,0,14.375,25472013.35,0,20,4
1196,5935.550812,0,14.375,32142035.37,0,20,4
1197,6667.546876,0,14.375,40558648.57,0,20,4
1198,7489.815647,0,14.375,51179209.87,0,20,4
1199,8413.489919,0,14.375,64580838.24,0,20,4
1200,9451.075427,0,14.375,81491775.25,0,20,4
1201,0,0,15.625,0.039269908,1.25,20,1
1202,0.106166202,0,15.625,0.010283096,0,20,5
1203,0.119259046,0,15.625,0.012975795,0,20,5
1204,0.133966552,0,15.625,0.016373596,0,20,5
1205,0.150487848,0,15.625,0.020661135,0,20,5
1206,0.169046616,0,15.625,0.026071396,0,20,5
1207,0.189894127,0,15.625,0.03289837,0,20,5
1208,0.213312636,0,15.625,0.041513035,0,20,5
1209,0.239619211,0,15.625,0.052383509,0,20,5
1210,0.269170018,0,15.625,0.066100491,0,20,5
1211,0.30236515,0,15.625,0.08340936,0,20,5
1212,0.33965404,0,15.625,0.105250675,0,20,5
1213,0.381541546,0,15.625,0.132811289,0,20,5
1214,0.428594788,0,15.625,0.167588839,0,20,5
1215,0.481450826,0,15.625,0.21147313,0,20,5
1216,0.540825284,0,15.625,0.266848824,0,20,5
1217,0.607522039,0,15.625,0.336725026,0,20,5
1218,0.682444107,0,15.625,0.424898792,0,20,5
1219,0.766605866,0,15.625,0.536161465,0,20,5
1220,0.861146793,0,15.625,0.676559035,0,20,5
1221,0.967346889,0,15.625,0.853720675,0,20,5
1222,1.086644009,0,15.625,1.07727331,0,20,5
1223,1.22065333,0,15.625,1.359364741,0,20,5
1224,1.371189222,0,15.625,1.715323755,0,20,5
1225,1.540289807,0,15.625,2.164493087,0,20,5
1226,1.730244557,0,15.625,2.7312805,0,20,5
1227,1.943625294,0,15.625,3.446485098,0,20,5
1228,2.183321004,0,15.625,4.348970943,0,20,5
1229,2.452576956,0,15.625,5.487778919,0,20,5
1230,2.755038637,0,15.625,6.924791602,0,20,5
1231,3.094801113,0,15.625,8.738095947,0,20,5
1232,3.476464467,0,15.625,11.02622652,0,20,5
1233,3.905196086,0,15.625,13.91351982,0,20,5
1234,4.386800617,0,15.625,17.55687076,0,20,5
1235,4.927798561,0,15.625,22.15425821,0,20,5
1236,5.535514553,0,15.625,27.95550321,0,20,5
1237,6.218176532,0,15.625,35.27584414,0,20,5
1238,6.98502714,0,15.625,44.51306674,0,20,5
1239,7.846448857,0,15.625,56.16911965,0,20,5
1240,8.814104575,0,15.625,70.87739025,0,20,5
1241,9.901095498,0,15.625,89.43712274,0,20,5
1242,11.12213853,0,15.625,112.8568489,0,20,5
1243,12.4937655,0,15.625,142.4091916,0,20,5
1244,14.03454705,0,15.625,179.7000187,0,20,5
1245,15.765344,0,15.625,226.7557054,0,20,5
1246,17.7095898,0,15.625,286.1332477,0,20,5
1247,19.89360784,0,15.625,361.0592081,0,20,5
1248,22.34696779,0,15.625,455.6050469,0,20,5
1249,25.10288598,0,15.625,574.9083644,0,20,5
1250,28.19867512,0,15.625,725.4520767,0,20,5
1251,31.67624946,0,15.625,915.4166963,0,20,5
1252,35.58269229,0,15.625,1155.124859,0,20,5
1253,39.97089341,0,15.625,1457.602254,0,20,5
1254,44.90026518,0,15.625,1839.285437,0,20,5
1255,50.43754697,0,15.625,2320.914989,0,20,5
1256,56.65770867,0,15.625,2928.662554,0,20,5
1257,63.6449658,0,15.625,3695.553002,0,20,5
1258,71.49391967,0,15.625,4663.258992,0,20,5
1259,80.31083817,0,15.625,5884.365457,0,20,5
1260,90.21509463,0,15.625,7425.227054,0,20,5
1261,101.3407839,0,15.625,9369.573866,0,20,5
1262,113.8385381,0,15.625,11823.06127,0,20,5
1263,127.8775657,0,15.625,14919.01125,0,20,5
1264,143.6479429,0,15.625,18825.65703,0,20,5
1265,161.3631865,0,15.625,23755.2849,0,20,5
1266,181.2631455,0,15.625,29975.76977,0,20,5
1267,203.6172476,0,15.625,37825.1314,0,20,5
1268,228.7281477,0,15.625,47729.90242,0,20,5
1269,256.9358254,0,15.625,60228.30589,0,20,5
1270,288.6221876,0,15.625,75999.50234,0,20,5
1271,324.2162398,0,15.625,95900.49514,0,20,5
1272,364.199894,0,15.625,121012.6999,0,20,5
1273,409.1144937,0,15.625,152700.7083,0,20,5
1274,459.5681431,0,15.625,192686.4398,0,20,5
1275,516.2439399,0,15.625,243142.7103,0,20,5
1276,579.9092246,0,15.625,306811.3026,0,20,5
1277,651.4259689,0,15.625,387151.954,0,20,5
1278,731.7624466,0,15.625,488530.3579,0,20,5
1279,822.0063426,0,15.625,616455.3948,0,20,5
1280,923.37948,0,15.625,777878.483,0,20,5
1281,1037.254361,0,15.625,981571.3179,0,20,5
1282,1165.172752,0,15.625,1238602.524,0,20,5
1283,1308.866555,0,15.625,1562939.12,0,20,5
1284,1470.281258,0,15.625,1972205.486,0,20,5
1285,1651.602272,0,15.625,2488641.068,0,20,5
1286,1855.284525,0,15.625,3140308.861,0,20,5
1287,2084.085695,0,15.625,3962620.351,0,20,5
1288,2341.103548,0,15.625,5000259.765,0,20,5
1289,2629.817879,0,15.625,6309612.202,0,20,5
1290,2954.137626,0,15.625,7961827.586,0,20,5
1291,3318.453792,0,15.625,10046686.94,0,20,5
1292,3727.698897,0,15.625,12677481.07,0,20,5
1293,4187.413759,0,15.625,15997166.75,0,20,5
1294,4703.822511,0,15.625,20186134.97,0,20,5
1295,5283.916873,0,15.625,25472013.35,0,20,5
1296,5935.550812,0,15.625,32142035.37,0,20,5
1297,6667.546876,0,15.625,40558648.57,0,20,5
1298,7489.815647,0,15.625,51179209.87,0,20,5
1299,8413.489919,0,15.625,64580838.24,0,20,5
1300,9451.075427,0,15.625,81491775.25,0,20,5
1301,0,0,16.875,0.039269908,1.25,20,1
1302,0.106166202,0,16.875,0.010283096,0,20,5
1303,0.119259046,0,16.875,0.012975795,0,20,5
1304,0.133966552,0,16.875,0.016373596,0,20,5
1305,0.150487848,0,16.875,0.020661135,0,20,5
1306,0.169046616,0,16.875,0.026071396,0,20,5
1307,0.189894127,0,16.875,0.03289837,0,20,5
1308,0.213312636,0,16.875,0.041513035,0,20,5
1309,0.239619211,0,16.875,0.052383509,0,20,5
1310,0.269170018,0,16.875,0.066100491,0,20,5
1311,0.30236515,0,16.875,0.08340936,0,20,5
1312,0.33965404,0,16.875,0.105250675,0,20,5
1313,0.381541546,0,16.875,0.132811289,0,20,5
1314,0.428594788,0,16.875,0.167588839,0,20,5
1315,0.481450826,0,16.875,0.21147313,0,20,5
1316,0.540825284,0,16.875,0.266848824,0,20,5
1317,0.607522039,0,16.875,0.336725026,0,20,5
1318,0.682444107,0,16.875,0.424898792,0,20,5
1319,0.766605866,0,16.875,0.536161465,0,20,5
1320,0.861146793,0,16.875,0.676559035,0,20,5
1321,0.967346889,0,16.875,0.853720675,0,20,5
1322,1.086644009,0,16.875,1.07727331,0,20,5
1323,1.22065333,0,16.875,1.359364741,0,20,5
1324,1.371189222,0,16.875,1.715323755,0,20,5
1325,1.540289807,0,16.875,2.164493087,0,20,5
1326,1.730244557,0,16.875,2.7312805,0,20,5
1327,1.943625294,0,16.875,3.446485098,0,20,5
1328,2.183321004,0,16.875,4.348970943,0,20,5
1329,2.452576956,0,16.875,5.487778919,0,20,5
1330,2.755038637,0,16.875,6.924791602,0,20,5
1331,3.094801113,0,16.875,8.738095947,0,20,5
1332,3.476464467,0,16.875,11.02622652,0,20,5
1333,3.905196086,0,16.875,13.91351982,0,20,5
1334,4.386800617,0,16.875,17.55687076,0,20,5
1335,4.927798561,0,16.875,22.15425821,0,20,5
1336,5.535514553,0,16.875,27.95550321,0,20,5
1337,6.218176532,0,16.875,35.27584414,0,20,5
1338,6.98502714,0,16.875,44.51306674,0,20,5
1339,7.846448857,0,16.875,56.16911965,0,20,5
1340,8.814104575,0,16.875,70.87739025,0,20,5
1341,9.901095498,0,16.875,89.43712274,0,20,5
1342,11.12213853,0,16.875,112.8568489,0,20,5
1343,12.4937655,0,16.875,142.4091916,0,20,5
1344,14.03454705,0,16.875,179.7000187,0,20,5
1345,15.765344,0,16.875,226.7557054,0,20,5
1346,17.7095898,0,16.875,286.1332477,0,20,5
1347,19.89360784,0,16.875,361.0592081,0,20,5
1348,22.34696779,0,16.875,455.6050469,0,20,5
1349,25.10288598,0,16.875,574.9083644,0,20,5
1350,28.19867512,0,16.875,725.4520767,0,20,5
1351,31.67624946,0,16.875,915.4166963,0,20,5
1352,35.58269229,0,16.875,1155.124859,0,20,5
1353,39.97089341,0,16.875,1457.602254,0,20,5
1354,44.90026518,0,16.875,1839.285437,0,20,5
1355,50.43754697,0,16.875,2320.914989,0,20,5
1356,56.65770867,0,16.875,2928.662554,0,20,5
1357,63.6449658,0,16.875,3695.553002,0,20,5
1358,71.49391967,0,16.875,4663.258992,0,20,5
1359,80.31083817,0,16.875,5884.365457,0,20,5
1360,90.21509463,0,16.875,7425.227054,0,20,5
1361,101.3407839,0,16.875,9369.573866,0,20,5
1362,113.8385381,0,16.875,11823.06127,0,20,5
1363,127.8775657,0,16.875,14919.01125,0,20,5
1364,143.6479429,0,16.875,18825.65703,0,20,5
1365,161.3631865,0,16.875,23755.2849,0,20,5
1366,181.2631455,0,16.875,29975.76977,0,20,5
1367,203.6172476,0,16.875,37825.1314,0,20,5
1368,228.7281477,0,16.875,47729.90242,0,20,5
1369,256.9358254,0,16.875,60228.30589,0,20,5
1370,288.6221876,0,16.875,75999.50234,0,20,5
1371,324.2162398,0,16.875,95900.49514,0,20,5
1372,364.199894,0,16.875,121012.6999,0,20,5
1373,409.1144937,0,16.875,152700.7083,0,20,5
1374,459.5681431,0,16.875,192686.4398,0,20,5
1375,516.2439399,0,16.875,243142.7103,0,20,5
1376,579.9092246,0,16.875,306811.3026,0,20,5
1377,651.4259689,0,16.875,387151.954,0,20,5
1378,731.7624466,0,16.875,488530.3579,0,20,5
1379,822.0063426,0,16.875,616455.3948,0,20,5
1380,923.37948,0,16.875,777878.483,0,20,5
1381,1037.254361,0,16.875,981571.3179,0,20,5
1382,1165.172752,0,16.875,1238602.524,0,20,5
1383,1308.866555,0,16.875,1562939.12,0,20,5
1384,1470.281258,0,16.875,1972205.486,0,20,5
1385,1651.602272,0,16.875,2488641.068,0,20,5
1386,1855.284525,0,16.875,3140308.861,0,20,5
1387,2084.085695,0,16.875,3962620.351,0,20,5
1388,2341.103548,0,16.875,5000259.765,0,20,5
1389,2629.817879,0,16.875,6309612.202,0,20,5
1390,2954.137626,0,16.875,7961827.586,0,20,5
1391,3318.453792,0,16.875,10046686.94,0,20,5
1392,3727.698897,0,16.875,12677481.07,0,20,5
1393,4187.413759,0,16.875,15997166.75,0,20,5
1394,4703.822511,0,16.875,20186134.97,0,20,5
1395,5283.916873,0,16.875,25472013.35,0,20,5
1396,5935.550812,0,16.875,32142035.37,0,20,5
1397,6667.546876,0,16.875,40558648.57,0,20,5
1398,7489.815647,0,16.875,51179209.87,0,20,5
1399,8413.489919,0,16.875,64580838.24,0,20,5
1400,9451.075427,0,16.875,81491775.25,0,20,5
1401,0,0,18.125,0.039269908,1.25,20,1
1402,0.106166202,0,18.125,0.010283096,0,20,5
1403,0.119259046,0,18.125,0.012975795,0,20,5
1404,0.133966552,0,18.125,0.016373596,0,20,5
1405,0.150487848,0,18.125,0.020661135,0,20,5
1406,0.169046616,0,18.125,0.026071396,0,20,5
1407,0.189894127,0,18.125,0.03289837,0,20,5
1408,0.213312636,0,18.125,0.041513035,0,20,5
1409,0.239619211,0,18.125,0.052383509,0,20,5
1410,0.269170018,0,18.125,0.066100491,0,20,5
1411,0.30236515,0,18.125,0.08340936,0,20,5
1412,0.33965404,0,18.125,0.105250675,0,20,5
1413,0.381541546,0,18.125,0.132811289,0,20,5
1414,0.428594788,0,18.125,0.167588839,0,20,5
1415,0.481450826,0,18.125,0.21147313,0,20,5
1416,0.540825284,0,18.125,0.266848824,0,20,5
1417,0.607522039,0,18.125,0.336725026,0,20,5
1418,0.682444107,0,18.125,0.424898792,0,20,5
1419,0.766605866,0,18.125,0.536161465,0,20,5
1420,0.861146793,0,18.125,0.676559035,0,20,5
1421,0.967346889,0,18.125,0.853720675,0,20,5
1422,1.086644009,0,18.125,1.07727331,0,20,5
1423,1.22065333,0,18.125,1.359364741,0,20,5
1424,1.371189222,0,18.125,1.715323755,0,20,5
1425,1.540289807,0,18.125,2.164493087,0,20,5
1426,1.730244557,0,18.125,2.7312805,0,20,5
1427,1.943625294,0,18.125,3.446485098,0,20,5
1428,2.183321004,0,18.125,4.348970943,0,20,5
1429,2.452576956,0,18.125,5.487778919,0,20,5
1430,2.755038637,0,18.125,6.924791602,0,20,5
1431,3.094801113,0,18.125,8.738095947,0,20,5
1432,3.476464467,0,18.125,11.02622652,0,20,5
1433,3.905196086,0,18.125,13.91351982,0,20,5
1434,4.386800617,0,18.125,17.55687076,0,20,5
1435,4.927798561,0,18.125,22.15425821,0,20,5
1436,5.535514553,0,18.125,27.95550321,0,20,5
1437,6.218176532,0,18.125,35.27584414,0,20,5
1438,6.98502714,0,18.125,44.51306674,0,20,5
1439,7.846448857,0,18.125,56.16911965,0,20,5
1440,8.814104575,0,18.125,70.87739025,0,20,5
1441,9.901095498,0,18.125,89.43712274,0,20,5
1442,11.12213853,0,18.125,112.8568489,0,20,5
1443,12.4937655,0,18.125,142.4091916,0,20,5
1444,14.03454705,0,18.125,179.7000187,0,20,5
1445,15.765344,0,18.125,226.7557054,0,20,5
1446,17.7095898,0,18.125,286.1332477,0,20,5
1447,19.89360784,0,18.125,361.0592081,0,20,5
1448,22.34696779,0,18.125,455.6050469,0,20,5
1449,25.10288598,0,18.125,574.9083644,0,20,5
1450,28.19867512,0,18.125,725.4520767,0,20,5
1451,31.67624946,0,18.125,915.4166963,0,20,5
1452,35.58269229,0,18.125,1155.124859,0,20,5
1453,39.97089341,0,18.125,1457.602254,0,20,5
1454,44.90026518,0,18.125,1839.285437,0,20,5
1455,50.43754697,0,18.125,2320.914989,0,20,5
1456,56.65770867,0,18.125,2928.662554,0,20,5
1457,63.6449658,0,18.125,3695.553002,0,20,5
1458,71.49391967,0,18.125,4663.258992,0,20,5
1459,80.31083817,0,18.125,5884.365457,0,20,5
1460,90.21509463,0,18.125,7425.227054,0,20,5
1461,101.3407839,0,18.125,9369.573866,0,20,5
1462,113.8385381,0,18.125,11823.06127,0,20,5
1463,127.8775657,0,18.125,14919.01125,0,20,5
1464,143.6479429,0,18.125,18825.65703,0,20,5
1465,161.3631865,0,18.125,23755.2849,0,20,5
1466,181.2631455,0,18.125,29975.76977,0,20,5
1467,203.6172476,0,18.125,37825.1314,0,20,5
1468,228.7281477,0,18.125,47729.90242,0,20,5
1469,256.9358254,0,18.125,60228.30589,0,20,5
1470,288.6221876,0,18.125,75999.50234,0,20,5
1471,324.2162398,0,18.125,95900.49514,0,20,5
1472,364.199894,0,18.125,121012.6999,0,20,5
1473,409.1144937,0,18.125,152700.7083,0,20,5
1474,459.5681431,0,18.125,192686.4398,0,20,5
1475,516.2439399,0,18.125,243142.7103,0,20,5
1476,579.9092246,0,18.125,306811.3026,0,20,5
1477,651.4259689,0,18.125,387151.954,0,20,5
1478,731.7624466,0,18.125,488530.3579,0,20,5
1479,822.0063426,0,18.125,616455.3948,0,20,5
1480,923.37948,0,18.125,777878.483,0,20,5
1481,1037.254361,0,18.125,981571.3179,0,20,5
1482,1165.172752,0,18.125,1238602.524,0,20,5
1483,1308.866555,0,18.125,1562939.12,0,20,5
1484,1470.281258,0,18.125,1972205.486,0,20,5
1485,1651.602272,0,18.125,2488641.068,0,20,5
1486,1855.284525,0,18.125,3140308.861,0,20,5
1487,2084.085695,0,18.125,3962620.351,0,20,5
1488,2341.103548,0,18.125,5000259.765,0,20,5
1489,2629.817879,0,18.125,6309612.202,0,20,5
1490,2954.137626,0,18.125,7961827.586,0,20,5
1491,3318.453792,0,18.125,10046686.94,0,20,5
1492,3727.698897,0,18.125,12677481.07,0,20,5
1493,4187.413759,0,18.125,15997166.75,0,20,5
1494,4703.822511,0,18.125,20186134.97,0,20,5
1495,5283.916873,0,18.125,25472013.35,0,20,5
1496,5935.550812,0,18.125,32142035.37,0,20,5
1497,6667.546876,0,18.125,40558648.57,0,20,5
1498,7489.815647,0,18.125,51179209.87,0,20,5
1499,8413.489919,0,18.125,64580838.24,0,20,5
1500,9451.075427,0,18.125,81491775.25,0,20,5
1501,0,0,19.375,0.039269908,1.25,20,1
1502,0.106166202,0,19.375,0.010283096,0,20,5
1503,0.119259046,0,19.375,0.012975795,0,20,5
1504,0.133966552,0,19.375,0.016373596,0,20,5
1505,0.150487848,0,19.375,0.020661135,0,20,5
1506,0.169046616,0,19.375,0.026071396,0,20,5
1507,0.189894127,0,19.375,0.03289837,0,20,5
1508,0.213312636,0,19.375,0.041513035,0,20,5
1509,0.239619211,0,19.375,0.052383509,0,20,5
1510,0.269170018,0,19.375,0.066100491,0,20,5
1511,0.30236515,0,19.375,0.08340936,0,20,5
1512,0.33965404,0,19.375,0.105250675,0,20,5
1513,0.381541546,0,19.375,0.132811289,0,20,5
1514,0.428594788,0,19.375,0.167588839,0,20,5
1515,0.481450826,0,19.375,0.21147313,0,20,5
1516,0.540825284,0,19.375,0.266848824,0,20,5
1517,0.607522039,0,19.375,0.336725026,0,20,5
1518,0.682444107,0,19.375,0.424898792,0,20,5
1519,0.766605866,0,19.375,0.536161465,0,20,5
1520,0.861146793,0,19.375,0.676559035,0,20,5
1521,0.967346889,0,19.375,0.853720675,0,20,5
1522,1.086644009,0,19.375,1.07727331,0,20,5
1523,1.22065333,0,19.375,1.359364741,0,20,5
1524,1.371189222,0,19.375,1.715323755,0,20,5
1525,1.540289807,0,19.375,2.164493087,0,20,5
1526,1.730244557,0,19.375,2.7312805,0,20,5
1527,1.943625294,0,19.375,3.446485098,0,20,5
1528,2.183321004,0,19.375,4.348970943,0,20,5
1529,2.452576956,0,19.375,5.487778919,0,20,5
1530,2.755038637,0,19.375,6.924791602,0,20,5
1531,3.094801113,0,19.375,8.738095947,0,20,5
1532,3.476464467,0,19.375,11.02622652,0,20,5
1533,3.905196086,0,19.375,13.91351982,0,20,5
1534,4.386800617,0,19.375,17.55687076,0,20,5
1535,4.927798561,0,19.375,22.15425821,0,20,5
1536,5.535514553,0,19.375,27.95550321,0,20,5
1537,6.218176532,0,19.375,35.27584414,0,20,5
1538,6.98502714,0,19.375,44.51306674,0,20,5
1539,7.846448857,0,19.375,56.16911965,0,20,5
1540,8.814104575,0,19.375,70.87739025,0,20,5
1541,9.901095498,0,19.375,89.43712274,0,20,5
1542,11.12213853,0,19.375,112.8568489,0,20,5
1543,12.4937655,0,19.375,142.4091916,0,20,5
1544,14.03454705,0,19.375,179.7000187,0,20,5
1545,15.765344,0,19.375,226.7557054,0,20,5
1546,17.7095898,0,19.375,286.1332477,0,20,5
1547,19.89360784,0,19.375,361.0592081,0,20,5
1548,22.34696779,0,19.375,455.6050469,0,20,5
1549,25.10288598,0,19.375,574.9083644,0,20,5
1550,28.19867512,0,19.375,725.4520767,0,20,5
1551,31.67624946,0,19.375,915.4166963,0,20,5
1552,35.58269229,0,19.375,1155.124859,0,20,5
1553,39.97089341,0,19.375,1457.602254,0,20,5
1554,44.90026518,0,19.375,1839.285437,0,20,5
1555,50.43754697,0,19.375,2320.914989,0,20,5
1556,56.65770867,0,19.375,2928.662554,0,20,5
1557,63.6449658,0,19.375,3695.553002,0,20,5
1558,71.49391967,0,19.375,4663.258992,0,20,5
1559,80.31083817,0,19.375,5884.365457,0,20,5
1560,90.21509463,0,19.375,7425.227054,0,20,5
1561,101.3407839,0,19.375,9369.573866,0,20,5
1562,113.8385381,0,19.375,11823.06127,0,20,5
1563,127.8775657,0,19.375,14919.01125,0,20,5
1564,143.6479429,0,19.375,18825.65703,0,20,5
1565,161.3631865,0,19.375,23755.2849,0,20,5
1566,181.2631455,0,19.375,29975.76977,0,20,5
1567,203.6172476,0,19.375,37825.1314,0,20,5
1568,228.7281477,0,19.375,47729.90242,0,20,5
1569,256.9358254,0,19.375,60228.30589,0,20,5
1570,288.6221876,0,19.375,75999.50234,0,20,5
1571,324.2162398,0,19.375,95900.49514,0,20,5
1572,364.199894,0,19.375,121012.6999,0,20,5
1573,409.1144937,0,19.375,152700.7083,0,20,5
1574,459.5681431,0,19.375,192686.4398,0,20,5
1575,516.2439399,0,19.375,243142.7103,0,20,5
1576,579.9092246,0,19.375,306811.3026,0,20,5
1577,651.4259689,0,19.375,387151.954,0,20,5
1578,731.7624466,0,19.375,488530.3579,0,20,5
1579,822.0063426,0,19.375,616455.3948,0,20,5
1580,923.37948,0,19.375,777878.483,0,20,5
1581,1037.254361,0,19.375,981571.3179,0,20,5
1582,1165.172752,0,19.375,1238602.524,0,20,5
1583,1308.866555,0,19.375,1562939.12,0,20,5
1584,1470.281258,0,19.375,1972205.486,0,20,5
1585,1651.602272,0,19.375,2488641.068,0,20,5
1586,1855.284525,0,19.375,3140308.861,0,20,5
1587,2084.085695,0,19.375,3962620.351,0,20,5
1588,2341.103548,0,19.375,5000259.765,0,20,5
1589,2629.817879,0,19.375,6309612.202,0,20,5
1590,2954.137626,0,19.375,7961827.586,0,20,5
1591,3318.453792,0,19.375,10046686.94,0,20,5
1592,3727.698897,0,19.375,12677481.07,0,20,5
1593,4187.413759,0,19.375,15997166.75,0,20,5
1594,4703.822511,0,19.375,20186134.97,0,20,5
1595,5283.916873,0,19.375,25472013.35,0,20,5
1596,5935.550812,0,19.375,32142035.37,0,20,5
1597,6667.546876,0,19.375,40558648.57,0,20,5
1598,7489.815647,0,19.375,51179209.87,0,20,5
1599,8413.489919,0,19.375,64580838.24,0,20,5
1600,9451.075427,0,19.375,81491775.25,0,20,5
1601,10000,0,10,1.00E+30,20,20,2
